DROP TABLE IF EXISTS `ai_engine`;
/*!40101 SET @saved_cs_client     = @@character_set_client */;
/*!50503 SET character_set_client = utf8mb4 */;
CREATE TABLE `ai_engine` (
  `id` bigint unsigned NOT NULL COMMENT 'дё»й”®ID',
  `code` varchar(32) CHARACTER SET utf8mb4 COLLATE utf8mb4_unicode_ci NOT NULL COMMENT 'еј•ж“Һзј–з Ғ: aider/openhands',
  `name` varchar(64) CHARACTER SET utf8mb4 COLLATE utf8mb4_unicode_ci NOT NULL COMMENT 'еј•ж“ҺеҗҚз§°',
  `description` varchar(255) CHARACTER SET utf8mb4 COLLATE utf8mb4_unicode_ci DEFAULT NULL COMMENT 'иҜҙжҳҺ',
  `status` tinyint(1) NOT NULL DEFAULT '1' COMMENT 'зҠ¶жҖҒ:1еҗҜз”Ё 0зҰҒз”Ё',
  `sort` int NOT NULL DEFAULT '0' COMMENT 'жҺ’еәҸ',
  `created_by` bigint unsigned NOT NULL DEFAULT '0' COMMENT 'еҲӣе»әдәә',
  `dept_id` bigint unsigned NOT NULL DEFAULT '0' COMMENT 'йғЁй—ЁID',
  `created_at` datetime DEFAULT NULL COMMENT 'еҲӣе»әж—¶й—ҙ',
  `updated_at` datetime DEFAULT NULL COMMENT 'жӣҙж–°ж—¶й—ҙ',
  `deleted_at` datetime DEFAULT NULL COMMENT 'еҲ йҷӨж—¶й—ҙ',
  PRIMARY KEY (`id`),
  UNIQUE KEY `uk_ai_engine_code` (`code`)
) ENGINE=InnoDB DEFAULT CHARSET=utf8mb4 COLLATE=utf8mb4_unicode_ci COMMENT='AIжү§иЎҢеј•ж“Һе®ҡд№үиЎЁ';
/*!40101 SET character_set_client = @saved_cs_client */;
DROP TABLE IF EXISTS `ai_engine_config`;
/*!40101 SET @saved_cs_client     = @@character_set_client */;
/*!50503 SET character_set_client = utf8mb4 */;
CREATE TABLE `ai_engine_config` (
  `id` bigint unsigned NOT NULL COMMENT 'дё»й”®ID',
  `engine_code` varchar(32) CHARACTER SET utf8mb4 COLLATE utf8mb4_unicode_ci NOT NULL COMMENT 'еј•ж“Һзј–з Ғ',
  `base_url` varchar(255) CHARACTER SET utf8mb4 COLLATE utf8mb4_unicode_ci DEFAULT NULL COMMENT 'жңҚеҠЎең°еқҖ',
  `api_key` text CHARACTER SET utf8mb4 COLLATE utf8mb4_unicode_ci COMMENT 'API Key',
  `default_model_id` bigint unsigned DEFAULT NULL COMMENT 'й»ҳи®ӨжЁЎеһӢID',
  `timeout_seconds` int NOT NULL DEFAULT '600' COMMENT 'и¶…ж—¶ж—¶й—ҙ(з§’)',
  `max_steps` int NOT NULL DEFAULT '20' COMMENT 'жңҖеӨ§жү§иЎҢжӯҘж•°',
  `workspace_root` varchar(500) CHARACTER SET utf8mb4 COLLATE utf8mb4_unicode_ci DEFAULT NULL COMMENT 'е·ҘдҪңеҢәж №зӣ®еҪ•',
  `command_template` varchar(1000) CHARACTER SET utf8mb4 COLLATE utf8mb4_unicode_ci DEFAULT NULL COMMENT 'е‘Ҫд»ӨжЁЎжқҝ',
  `callback_url` varchar(255) CHARACTER SET utf8mb4 COLLATE utf8mb4_unicode_ci DEFAULT NULL COMMENT 'еӣһи°ғең°еқҖ',
  `callback_secret` varchar(255) CHARACTER SET utf8mb4 COLLATE utf8mb4_unicode_ci DEFAULT NULL COMMENT 'еӣһи°ғеҜҶй’Ҙ',
  `extra_config` json DEFAULT NULL COMMENT 'йўқеӨ–й…ҚзҪ®JSON',
  `status` tinyint(1) NOT NULL DEFAULT '1' COMMENT 'зҠ¶жҖҒ:1еҗҜз”Ё 0зҰҒз”Ё',
  `created_by` bigint unsigned NOT NULL DEFAULT '0' COMMENT 'еҲӣе»әдәә',
  `dept_id` bigint unsigned NOT NULL DEFAULT '0' COMMENT 'йғЁй—ЁID',
  `created_at` datetime DEFAULT NULL COMMENT 'еҲӣе»әж—¶й—ҙ',
  `updated_at` datetime DEFAULT NULL COMMENT 'жӣҙж–°ж—¶й—ҙ',
  `deleted_at` datetime DEFAULT NULL COMMENT 'еҲ йҷӨж—¶й—ҙ',
  PRIMARY KEY (`id`),
  UNIQUE KEY `uk_ai_engine_config_engine_code` (`engine_code`)
) ENGINE=InnoDB DEFAULT CHARSET=utf8mb4 COLLATE=utf8mb4_unicode_ci COMMENT='AIжү§иЎҢеј•ж“Һй…ҚзҪ®иЎЁ';
/*!40101 SET character_set_client = @saved_cs_client */;
DROP TABLE IF EXISTS `ai_model`;
/*!40101 SET @saved_cs_client     = @@character_set_client */;
/*!50503 SET character_set_client = utf8mb4 */;
CREATE TABLE `ai_model` (
  `id` bigint unsigned NOT NULL COMMENT 'йӣӘиҠұID',
  `plan_id` bigint unsigned NOT NULL COMMENT 'еҘ—йӨҗID',
  `provider_id` bigint unsigned NOT NULL COMMENT 'дҫӣеә”е•ҶIDпјҲеҶ—дҪҷдҫҝдәҺжҹҘиҜўпјү',
  `name` varchar(100) CHARACTER SET utf8mb4 COLLATE utf8mb4_unicode_ci NOT NULL COMMENT 'жЁЎеһӢжҳҫзӨәеҗҚз§°',
  `model_code` varchar(100) CHARACTER SET utf8mb4 COLLATE utf8mb4_unicode_ci NOT NULL COMMENT 'жЁЎеһӢд»Јз ҒпјҲAPIи°ғз”Ёз”Ёпјү',
  `capability` varchar(20) CHARACTER SET utf8mb4 COLLATE utf8mb4_unicode_ci NOT NULL DEFAULT 'chat' COMMENT 'иғҪеҠӣпјҡchat/reasoning/coding',
  `max_tokens` int NOT NULL DEFAULT '4096' COMMENT 'жңҖеӨ§иҫ“еҮәtoken',
  `context_window` int NOT NULL DEFAULT '128000' COMMENT 'дёҠдёӢж–ҮзӘ—еҸЈеӨ§е°Ҹ',
  `supports_stream` tinyint(1) NOT NULL DEFAULT '1' COMMENT 'жҳҜеҗҰж”ҜжҢҒжөҒејҸиҫ“еҮә:0=еҗҰ,1=жҳҜ',
  `role_prompt` text CHARACTER SET utf8mb4 COLLATE utf8mb4_unicode_ci COMMENT 'й»ҳи®Өи§’иүІжҸҗзӨәиҜҚ',
  `status` tinyint(1) NOT NULL DEFAULT '1' COMMENT 'зҠ¶жҖҒ:0=зҰҒз”Ё,1=еҗҜз”Ё',
  `sort` int NOT NULL DEFAULT '0' COMMENT 'жҺ’еәҸ',
  `created_by` bigint unsigned DEFAULT NULL COMMENT 'еҲӣе»әдәәID',
  `dept_id` bigint unsigned DEFAULT NULL COMMENT 'жүҖеұһйғЁй—ЁID',
  `created_at` datetime DEFAULT NULL COMMENT 'еҲӣе»әж—¶й—ҙ',
  `updated_at` datetime DEFAULT NULL COMMENT 'жӣҙж–°ж—¶й—ҙ',
  `deleted_at` datetime DEFAULT NULL COMMENT 'иҪҜеҲ йҷӨж—¶й—ҙ',
  PRIMARY KEY (`id`),
  KEY `idx_plan` (`plan_id`),
  KEY `idx_provider` (`provider_id`),
  KEY `idx_deleted_at` (`deleted_at`)
) ENGINE=InnoDB DEFAULT CHARSET=utf8mb4 COLLATE=utf8mb4_unicode_ci COMMENT='AIжЁЎеһӢиЎЁ';
/*!40101 SET character_set_client = @saved_cs_client */;
DROP TABLE IF EXISTS `ai_plan`;
/*!40101 SET @saved_cs_client     = @@character_set_client */;
/*!50503 SET character_set_client = utf8mb4 */;
CREATE TABLE `ai_plan` (
  `id` bigint unsigned NOT NULL COMMENT 'йӣӘиҠұID',
  `provider_id` bigint unsigned NOT NULL COMMENT 'дҫӣеә”е•ҶID',
  `name` varchar(100) CHARACTER SET utf8mb4 COLLATE utf8mb4_unicode_ci NOT NULL COMMENT 'еҘ—йӨҗеҗҚз§°',
  `code` varchar(50) CHARACTER SET utf8mb4 COLLATE utf8mb4_unicode_ci NOT NULL COMMENT 'еҘ—йӨҗд»Јз Ғ',
  `api_key` varchar(500) CHARACTER SET utf8mb4 COLLATE utf8mb4_unicode_ci DEFAULT NULL COMMENT 'API KeyпјҲеҠ еҜҶеӯҳеӮЁпјү',
  `api_secret` varchar(500) CHARACTER SET utf8mb4 COLLATE utf8mb4_unicode_ci DEFAULT NULL COMMENT 'API SecretпјҲйғЁеҲҶдҫӣеә”е•ҶйңҖиҰҒпјү',
  `status` tinyint(1) NOT NULL DEFAULT '1' COMMENT 'зҠ¶жҖҒ:0=зҰҒз”Ё,1=еҗҜз”Ё',
  `sort` int NOT NULL DEFAULT '0' COMMENT 'жҺ’еәҸ',
  `created_by` bigint unsigned DEFAULT NULL COMMENT 'еҲӣе»әдәәID',
  `dept_id` bigint unsigned DEFAULT NULL COMMENT 'жүҖеұһйғЁй—ЁID',
  `created_at` datetime DEFAULT NULL COMMENT 'еҲӣе»әж—¶й—ҙ',
  `updated_at` datetime DEFAULT NULL COMMENT 'жӣҙж–°ж—¶й—ҙ',
  `deleted_at` datetime DEFAULT NULL COMMENT 'иҪҜеҲ йҷӨж—¶й—ҙ',
  PRIMARY KEY (`id`),
  KEY `idx_provider` (`provider_id`),
  KEY `idx_deleted_at` (`deleted_at`)
) ENGINE=InnoDB DEFAULT CHARSET=utf8mb4 COLLATE=utf8mb4_unicode_ci COMMENT='AIеҘ—йӨҗиЎЁ';
/*!40101 SET character_set_client = @saved_cs_client */;
DROP TABLE IF EXISTS `ai_provider`;
/*!40101 SET @saved_cs_client     = @@character_set_client */;
/*!50503 SET character_set_client = utf8mb4 */;
CREATE TABLE `ai_provider` (
  `id` bigint unsigned NOT NULL COMMENT 'йӣӘиҠұID',
  `name` varchar(100) CHARACTER SET utf8mb4 COLLATE utf8mb4_unicode_ci NOT NULL COMMENT 'дҫӣеә”е•ҶеҗҚз§°',
  `code` varchar(50) CHARACTER SET utf8mb4 COLLATE utf8mb4_unicode_ci NOT NULL COMMENT 'дҫӣеә”е•Ҷд»Јз Ғпјҡopenai/anthropic/deepseek/qwen/doubao/ernie/spark/glm/moonshot/yi/google/ollama',
  `provider_type` varchar(20) CHARACTER SET utf8mb4 COLLATE utf8mb4_unicode_ci NOT NULL COMMENT 'Providerзұ»еһӢпјҡopenai_compatible/anthropic/baidu/xfyun/google',
  `base_url` varchar(500) CHARACTER SET utf8mb4 COLLATE utf8mb4_unicode_ci NOT NULL COMMENT 'APIеҹәзЎҖең°еқҖ',
  `icon` varchar(500) CHARACTER SET utf8mb4 COLLATE utf8mb4_unicode_ci DEFAULT NULL COMMENT 'еӣҫж ҮURL',
  `status` tinyint(1) NOT NULL DEFAULT '1' COMMENT 'зҠ¶жҖҒ:0=зҰҒз”Ё,1=еҗҜз”Ё',
  `sort` int NOT NULL DEFAULT '0' COMMENT 'жҺ’еәҸ',
  `created_by` bigint unsigned DEFAULT NULL COMMENT 'еҲӣе»әдәәID',
  `dept_id` bigint unsigned DEFAULT NULL COMMENT 'жүҖеұһйғЁй—ЁID',
  `created_at` datetime DEFAULT NULL COMMENT 'еҲӣе»әж—¶й—ҙ',
  `updated_at` datetime DEFAULT NULL COMMENT 'жӣҙж–°ж—¶й—ҙ',
  `deleted_at` datetime DEFAULT NULL COMMENT 'иҪҜеҲ йҷӨж—¶й—ҙ',
  PRIMARY KEY (`id`),
  UNIQUE KEY `uk_code` (`code`),
  KEY `idx_deleted_at` (`deleted_at`)
) ENGINE=InnoDB DEFAULT CHARSET=utf8mb4 COLLATE=utf8mb4_unicode_ci COMMENT='AIдҫӣеә”е•ҶиЎЁ';
/*!40101 SET character_set_client = @saved_cs_client */;
DROP TABLE IF EXISTS `ai_task`;
/*!40101 SET @saved_cs_client     = @@character_set_client */;
/*!50503 SET character_set_client = utf8mb4 */;
CREATE TABLE `ai_task` (
  `id` bigint unsigned NOT NULL COMMENT 'дё»й”®ID',
  `title` varchar(255) CHARACTER SET utf8mb4 COLLATE utf8mb4_unicode_ci NOT NULL COMMENT 'д»»еҠЎж Үйўҳ',
  `engine_code` varchar(32) CHARACTER SET utf8mb4 COLLATE utf8mb4_unicode_ci NOT NULL COMMENT 'жү§иЎҢеј•ж“Һ',
  `role_id` bigint unsigned DEFAULT NULL COMMENT 'еҸ‘иө·ж—¶и§’иүІID',
  `user_id` bigint unsigned NOT NULL COMMENT 'еҸ‘иө·з”ЁжҲ·ID',
  `project_id` bigint unsigned DEFAULT NULL COMMENT 'йЎ№зӣ®ID',
  `repo_path` varchar(500) CHARACTER SET utf8mb4 COLLATE utf8mb4_unicode_ci NOT NULL COMMENT 'д»“еә“и·Ҝеҫ„',
  `worktree_path` varchar(500) CHARACTER SET utf8mb4 COLLATE utf8mb4_unicode_ci DEFAULT NULL COMMENT 'жү§иЎҢе·ҘдҪңзӣ®еҪ•',
  `branch_name` varchar(255) CHARACTER SET utf8mb4 COLLATE utf8mb4_unicode_ci DEFAULT NULL COMMENT 'еҲҶж”ҜеҗҚз§°',
  `instruction` longtext CHARACTER SET utf8mb4 COLLATE utf8mb4_unicode_ci NOT NULL COMMENT 'з”ЁжҲ·жҢҮд»Ө',
  `engine_config_snapshot` json DEFAULT NULL COMMENT 'жү§иЎҢж—¶й…ҚзҪ®еҝ«з…§',
  `request_payload` json DEFAULT NULL COMMENT 'иҜ·жұӮдҪ“',
  `response_summary` longtext CHARACTER SET utf8mb4 COLLATE utf8mb4_unicode_ci COMMENT 'жү§иЎҢз»“жһңж‘ҳиҰҒ',
  `error_message` longtext CHARACTER SET utf8mb4 COLLATE utf8mb4_unicode_ci COMMENT 'й”ҷиҜҜдҝЎжҒҜ',
  `status` varchar(32) CHARACTER SET utf8mb4 COLLATE utf8mb4_unicode_ci NOT NULL DEFAULT 'pending' COMMENT 'pending/running/success/failed/cancelled',
  `started_at` datetime DEFAULT NULL COMMENT 'ејҖе§Ӣж—¶й—ҙ',
  `finished_at` datetime DEFAULT NULL COMMENT 'з»“жқҹж—¶й—ҙ',
  `created_by` bigint unsigned NOT NULL DEFAULT '0' COMMENT 'еҲӣе»әдәә',
  `dept_id` bigint unsigned NOT NULL DEFAULT '0' COMMENT 'йғЁй—ЁID',
  `created_at` datetime DEFAULT NULL COMMENT 'еҲӣе»әж—¶й—ҙ',
  `updated_at` datetime DEFAULT NULL COMMENT 'жӣҙж–°ж—¶й—ҙ',
  `deleted_at` datetime DEFAULT NULL COMMENT 'еҲ йҷӨж—¶й—ҙ',
  PRIMARY KEY (`id`),
  KEY `idx_ai_task_user_id` (`user_id`),
  KEY `idx_ai_task_engine_code` (`engine_code`),
  KEY `idx_ai_task_status` (`status`)
) ENGINE=InnoDB DEFAULT CHARSET=utf8mb4 COLLATE=utf8mb4_unicode_ci COMMENT='AIжү§иЎҢд»»еҠЎиЎЁ';
/*!40101 SET character_set_client = @saved_cs_client */;
DROP TABLE IF EXISTS `ai_task_log`;
/*!40101 SET @saved_cs_client     = @@character_set_client */;
/*!50503 SET character_set_client = utf8mb4 */;
CREATE TABLE `ai_task_log` (
  `id` bigint unsigned NOT NULL COMMENT 'дё»й”®ID',
  `task_id` bigint unsigned NOT NULL COMMENT 'д»»еҠЎID',
  `seq` int NOT NULL DEFAULT '0' COMMENT 'ж—Ҙеҝ—еәҸеҸ·',
  `log_type` varchar(32) CHARACTER SET utf8mb4 COLLATE utf8mb4_unicode_ci NOT NULL DEFAULT 'stdout' COMMENT 'stdout/stderr/system/event',
  `content` longtext CHARACTER SET utf8mb4 COLLATE utf8mb4_unicode_ci NOT NULL COMMENT 'ж—Ҙеҝ—еҶ…е®№',
  `created_at` datetime DEFAULT NULL COMMENT 'еҲӣе»әж—¶й—ҙ',
  PRIMARY KEY (`id`),
  KEY `idx_ai_task_log_task_id` (`task_id`),
  KEY `idx_ai_task_log_task_seq` (`task_id`,`seq`)
) ENGINE=InnoDB DEFAULT CHARSET=utf8mb4 COLLATE=utf8mb4_unicode_ci COMMENT='AIжү§иЎҢд»»еҠЎж—Ҙеҝ—иЎЁ';
/*!40101 SET character_set_client = @saved_cs_client */;
DROP TABLE IF EXISTS `mvp_accept_evidence`;
/*!40101 SET @saved_cs_client     = @@character_set_client */;
/*!50503 SET character_set_client = utf8mb4 */;
CREATE TABLE `mvp_accept_evidence` (
  `id` bigint NOT NULL COMMENT 'дё»й”®ID',
  `accept_run_id` bigint NOT NULL COMMENT 'йӘҢж”¶иҝҗиЎҢID',
  `evidence_type` varchar(32) COLLATE utf8mb4_unicode_ci NOT NULL COMMENT 'task_output/file/log/diff/stage_output/handoff/summary',
  `source_type` varchar(32) COLLATE utf8mb4_unicode_ci NOT NULL COMMENT 'domain_task/stage_run/file/handoff_record/workflow_run',
  `source_id` bigint DEFAULT NULL COMMENT 'жқҘжәҗеҜ№иұЎID',
  `content_ref` longtext COLLATE utf8mb4_unicode_ci COMMENT 'иҜҒжҚ®еј•з”ЁжҲ–JSON',
  `summary` text COLLATE utf8mb4_unicode_ci COMMENT 'иҜҒжҚ®ж‘ҳиҰҒ',
  `created_at` datetime NOT NULL COMMENT 'еҲӣе»әж—¶й—ҙ',
  `updated_at` datetime NOT NULL COMMENT 'жӣҙж–°ж—¶й—ҙ',
  `deleted_at` datetime DEFAULT NULL COMMENT 'еҲ йҷӨж—¶й—ҙ',
  PRIMARY KEY (`id`),
  KEY `idx_accept_run_id` (`accept_run_id`),
  KEY `idx_evidence_type` (`evidence_type`),
  KEY `idx_source_type_source_id` (`source_type`,`source_id`)
) ENGINE=InnoDB DEFAULT CHARSET=utf8mb4 COLLATE=utf8mb4_unicode_ci COMMENT='иҮӘеҠЁйӘҢж”¶иҜҒжҚ®';
/*!40101 SET character_set_client = @saved_cs_client */;
DROP TABLE IF EXISTS `mvp_accept_issue`;
/*!40101 SET @saved_cs_client     = @@character_set_client */;
/*!50503 SET character_set_client = utf8mb4 */;
CREATE TABLE `mvp_accept_issue` (
  `id` bigint NOT NULL COMMENT 'дё»й”®ID',
  `accept_run_id` bigint NOT NULL COMMENT 'йӘҢж”¶иҝҗиЎҢID',
  `workflow_run_id` bigint NOT NULL COMMENT 'е·ҘдҪңжөҒиҝҗиЎҢID',
  `project_id` bigint NOT NULL COMMENT 'йЎ№зӣ®ID',
  `domain_task_id` bigint DEFAULT NULL COMMENT 'дё»е…іиҒ”д»»еҠЎID',
  `issue_type` varchar(32) COLLATE utf8mb4_unicode_ci NOT NULL COMMENT 'artifact/process/quality/risk',
  `rule_code` varchar(64) COLLATE utf8mb4_unicode_ci DEFAULT NULL COMMENT 'и§„еҲҷзј–з Ғ',
  `severity` varchar(16) COLLATE utf8mb4_unicode_ci NOT NULL COMMENT 'info/warn/error/blocker',
  `title` varchar(255) COLLATE utf8mb4_unicode_ci NOT NULL COMMENT 'й—®йўҳж Үйўҳ',
  `detail` text COLLATE utf8mb4_unicode_ci COMMENT 'й—®йўҳиҜҰжғ…',
  `expected_value` text COLLATE utf8mb4_unicode_ci COMMENT 'йў„жңҹеҖј',
  `actual_value` text COLLATE utf8mb4_unicode_ci COMMENT 'е®һйҷ…еҖј',
  `suggested_action` text COLLATE utf8mb4_unicode_ci COMMENT 'е»әи®®еҠЁдҪң',
  `resource_ref` text COLLATE utf8mb4_unicode_ci COMMENT 'е…іиҒ”иө„жәҗеј•з”Ё(JSON)',
  `status` varchar(20) COLLATE utf8mb4_unicode_ci NOT NULL DEFAULT 'open' COMMENT 'open/resolved/ignored',
  `created_by` bigint NOT NULL DEFAULT '0' COMMENT 'еҲӣе»әдәә',
  `dept_id` bigint NOT NULL DEFAULT '0' COMMENT 'йғЁй—ЁID',
  `created_at` datetime NOT NULL COMMENT 'еҲӣе»әж—¶й—ҙ',
  `updated_at` datetime NOT NULL COMMENT 'жӣҙж–°ж—¶й—ҙ',
  `deleted_at` datetime DEFAULT NULL COMMENT 'еҲ йҷӨж—¶й—ҙ',
  PRIMARY KEY (`id`),
  KEY `idx_accept_run_id` (`accept_run_id`),
  KEY `idx_workflow_run_id` (`workflow_run_id`),
  KEY `idx_project_id` (`project_id`),
  KEY `idx_domain_task_id` (`domain_task_id`),
  KEY `idx_rule_code` (`rule_code`),
  KEY `idx_severity` (`severity`),
  KEY `idx_status` (`status`)
) ENGINE=InnoDB DEFAULT CHARSET=utf8mb4 COLLATE=utf8mb4_unicode_ci COMMENT='иҮӘеҠЁйӘҢж”¶й—®йўҳ';
/*!40101 SET character_set_client = @saved_cs_client */;
DROP TABLE IF EXISTS `mvp_accept_rule`;
/*!40101 SET @saved_cs_client     = @@character_set_client */;
/*!50503 SET character_set_client = utf8mb4 */;
CREATE TABLE `mvp_accept_rule` (
  `id` bigint NOT NULL COMMENT 'дё»й”®ID',
  `project_type` varchar(64) COLLATE utf8mb4_unicode_ci NOT NULL COMMENT 'йЎ№зӣ®зұ»еһӢжЁЎжқҝ',
  `rule_code` varchar(64) COLLATE utf8mb4_unicode_ci NOT NULL COMMENT 'и§„еҲҷзј–з Ғ',
  `rule_name` varchar(255) COLLATE utf8mb4_unicode_ci NOT NULL COMMENT 'и§„еҲҷеҗҚз§°',
  `rule_type` varchar(32) COLLATE utf8mb4_unicode_ci NOT NULL COMMENT 'artifact/process/quality',
  `scope_type` varchar(32) COLLATE utf8mb4_unicode_ci NOT NULL COMMENT 'project/task/file/stage',
  `config_json` longtext COLLATE utf8mb4_unicode_ci NOT NULL COMMENT 'и§„еҲҷй…ҚзҪ®',
  `enabled` tinyint(1) NOT NULL DEFAULT '1' COMMENT 'жҳҜеҗҰеҗҜз”Ё',
  `priority` int NOT NULL DEFAULT '100' COMMENT 'дјҳе…Ҳзә§(и¶Ҡе°Ҹи¶Ҡе…Ҳжү§иЎҢ)',
  `created_at` datetime NOT NULL COMMENT 'еҲӣе»әж—¶й—ҙ',
  `updated_at` datetime NOT NULL COMMENT 'жӣҙж–°ж—¶й—ҙ',
  `deleted_at` datetime DEFAULT NULL COMMENT 'еҲ йҷӨж—¶й—ҙ',
  PRIMARY KEY (`id`),
  UNIQUE KEY `uk_project_type_rule_code` (`project_type`,`rule_code`),
  KEY `idx_rule_type` (`rule_type`),
  KEY `idx_scope_type` (`scope_type`),
  KEY `idx_enabled_priority` (`enabled`,`priority`)
) ENGINE=InnoDB DEFAULT CHARSET=utf8mb4 COLLATE=utf8mb4_unicode_ci COMMENT='иҮӘеҠЁйӘҢж”¶и§„еҲҷе®ҡд№ү';
/*!40101 SET character_set_client = @saved_cs_client */;
DROP TABLE IF EXISTS `mvp_accept_run`;
/*!40101 SET @saved_cs_client     = @@character_set_client */;
/*!50503 SET character_set_client = utf8mb4 */;
CREATE TABLE `mvp_accept_run` (
  `id` bigint NOT NULL COMMENT 'дё»й”®ID',
  `workflow_run_id` bigint NOT NULL COMMENT 'е·ҘдҪңжөҒиҝҗиЎҢID',
  `stage_run_id` bigint NOT NULL COMMENT 'acceptйҳ¶ж®өstage_run_id',
  `project_id` bigint NOT NULL COMMENT 'йЎ№зӣ®ID',
  `plan_version_id` bigint DEFAULT NULL COMMENT 'е…іиҒ”ж–№жЎҲзүҲжң¬ID',
  `accept_round` int NOT NULL DEFAULT '1' COMMENT 'з¬¬еҮ иҪ®йӘҢж”¶',
  `status` varchar(20) COLLATE utf8mb4_unicode_ci NOT NULL DEFAULT 'pending' COMMENT 'pending/running/completed/failed/canceled',
  `decision` varchar(20) COLLATE utf8mb4_unicode_ci DEFAULT NULL COMMENT 'passed/failed/manual_review',
  `score` decimal(5,2) DEFAULT NULL COMMENT 'йӘҢж”¶иҜ„еҲҶ',
  `summary` text COLLATE utf8mb4_unicode_ci COMMENT 'йӘҢж”¶ж‘ҳиҰҒ',
  `rules_version` varchar(64) COLLATE utf8mb4_unicode_ci DEFAULT NULL COMMENT 'и§„еҲҷзүҲжң¬еҸ·',
  `rules_snapshot_ref` longtext COLLATE utf8mb4_unicode_ci COMMENT 'и§„еҲҷеҝ«з…§еј•з”ЁжҲ–JSON',
  `created_by` bigint NOT NULL DEFAULT '0' COMMENT 'еҲӣе»әдәә',
  `dept_id` bigint NOT NULL DEFAULT '0' COMMENT 'йғЁй—ЁID',
  `started_at` datetime DEFAULT NULL COMMENT 'ејҖе§Ӣж—¶й—ҙ',
  `finished_at` datetime DEFAULT NULL COMMENT 'з»“жқҹж—¶й—ҙ',
  `created_at` datetime NOT NULL COMMENT 'еҲӣе»әж—¶й—ҙ',
  `updated_at` datetime NOT NULL COMMENT 'жӣҙж–°ж—¶й—ҙ',
  `deleted_at` datetime DEFAULT NULL COMMENT 'еҲ йҷӨж—¶й—ҙ',
  PRIMARY KEY (`id`),
  KEY `idx_workflow_run_id` (`workflow_run_id`),
  KEY `idx_stage_run_id` (`stage_run_id`),
  KEY `idx_project_id` (`project_id`),
  KEY `idx_workflow_round` (`workflow_run_id`,`accept_round`),
  KEY `idx_status` (`status`),
  KEY `idx_decision` (`decision`)
) ENGINE=InnoDB DEFAULT CHARSET=utf8mb4 COLLATE=utf8mb4_unicode_ci COMMENT='иҮӘеҠЁйӘҢж”¶иҝҗиЎҢи®°еҪ•';
/*!40101 SET character_set_client = @saved_cs_client */;
DROP TABLE IF EXISTS `mvp_autonomy_decision`;
/*!40101 SET @saved_cs_client     = @@character_set_client */;
/*!50503 SET character_set_client = utf8mb4 */;
CREATE TABLE `mvp_autonomy_decision` (
  `id` bigint unsigned NOT NULL,
  `workflow_run_id` bigint unsigned NOT NULL,
  `project_id` bigint unsigned NOT NULL,
  `decision_type` varchar(32) COLLATE utf8mb4_general_ci NOT NULL COMMENT 'replan/risk_escalate/engine_switch/circuit_break/report',
  `trigger_source` varchar(64) COLLATE utf8mb4_general_ci NOT NULL COMMENT 'и§ҰеҸ‘жәҗпјҡwatchdog/accept/rework/scheduler/manual',
  `trigger_context` json DEFAULT NULL COMMENT 'и§ҰеҸ‘дёҠдёӢж–Ү',
  `recommendation` json NOT NULL COMMENT 'зі»з»ҹе»әи®®',
  `decision_mode` varchar(16) COLLATE utf8mb4_general_ci NOT NULL DEFAULT 'suggest' COMMENT 'suggest/auto',
  `human_action` varchar(16) COLLATE utf8mb4_general_ci DEFAULT NULL COMMENT 'approved/rejected/modified/pending',
  `executed_at` datetime DEFAULT NULL COMMENT 'е®һйҷ…жү§иЎҢж—¶й—ҙ',
  `result` json DEFAULT NULL COMMENT 'жү§иЎҢз»“жһң',
  `created_by` bigint unsigned DEFAULT '0',
  `dept_id` bigint unsigned DEFAULT '0',
  `created_at` datetime DEFAULT NULL,
  `updated_at` datetime DEFAULT NULL,
  `deleted_at` datetime DEFAULT NULL,
  PRIMARY KEY (`id`),
  KEY `idx_workflow` (`workflow_run_id`),
  KEY `idx_project` (`project_id`),
  KEY `idx_type` (`decision_type`)
) ENGINE=InnoDB DEFAULT CHARSET=utf8mb4 COLLATE=utf8mb4_general_ci COMMENT='иҮӘжІ»еҶізӯ–и®°еҪ•';
/*!40101 SET character_set_client = @saved_cs_client */;
DROP TABLE IF EXISTS `mvp_config`;
/*!40101 SET @saved_cs_client     = @@character_set_client */;
/*!50503 SET character_set_client = utf8mb4 */;
CREATE TABLE `mvp_config` (
  `id` bigint unsigned NOT NULL AUTO_INCREMENT COMMENT 'иҮӘеўһID',
  `config_key` varchar(100) COLLATE utf8mb4_unicode_ci NOT NULL COMMENT 'й…ҚзҪ®й”®пјҲе”ҜдёҖпјү',
  `config_value` text COLLATE utf8mb4_unicode_ci NOT NULL COMMENT 'й…ҚзҪ®еҖј',
  `config_type` varchar(20) COLLATE utf8mb4_unicode_ci NOT NULL DEFAULT 'string' COMMENT 'еҖјзұ»еһӢпјҡstring/int/float/bool/json',
  `category` varchar(50) COLLATE utf8mb4_unicode_ci NOT NULL DEFAULT 'general' COMMENT 'еҲҶзұ»пјҡengine/watchdog/scheduler/general',
  `description` varchar(255) COLLATE utf8mb4_unicode_ci DEFAULT NULL COMMENT 'й…ҚзҪ®иҜҙжҳҺ',
  `created_by` bigint unsigned DEFAULT '0' COMMENT 'еҲӣе»әдәә',
  `dept_id` bigint unsigned DEFAULT '0' COMMENT 'йғЁй—ЁID',
  `created_at` datetime DEFAULT NULL COMMENT 'еҲӣе»әж—¶й—ҙ',
  `updated_at` datetime DEFAULT NULL COMMENT 'жӣҙж–°ж—¶й—ҙ',
  `deleted_at` datetime DEFAULT NULL COMMENT 'иҪҜеҲ йҷӨж—¶й—ҙ',
  PRIMARY KEY (`id`),
  UNIQUE KEY `uk_config_key` (`config_key`),
  KEY `idx_category` (`category`),
  KEY `idx_deleted_at` (`deleted_at`)
) ENGINE=InnoDB AUTO_INCREMENT=30 DEFAULT CHARSET=utf8mb4 COLLATE=utf8mb4_unicode_ci COMMENT='MVPй…ҚзҪ®иЎЁ';
/*!40101 SET character_set_client = @saved_cs_client */;
DROP TABLE IF EXISTS `mvp_conversation`;
/*!40101 SET @saved_cs_client     = @@character_set_client */;
/*!50503 SET character_set_client = utf8mb4 */;
CREATE TABLE `mvp_conversation` (
  `id` bigint unsigned NOT NULL COMMENT 'йӣӘиҠұID',
  `project_id` bigint unsigned NOT NULL COMMENT 'йЎ№зӣ®ID',
  `task_id` bigint unsigned DEFAULT NULL COMMENT 'е…іиҒ”д»»еҠЎIDпјҢNULL=йЎ№зӣ®зә§еҜ№иҜқ',
  `title` varchar(200) CHARACTER SET utf8mb4 COLLATE utf8mb4_unicode_ci DEFAULT NULL COMMENT 'еҜ№иҜқж Үйўҳ',
  `role_type` varchar(20) CHARACTER SET utf8mb4 COLLATE utf8mb4_unicode_ci NOT NULL COMMENT 'еҜ№иҜқи§’иүІзұ»еһӢ',
  `status` varchar(20) CHARACTER SET utf8mb4 COLLATE utf8mb4_unicode_ci NOT NULL DEFAULT 'active' COMMENT 'зҠ¶жҖҒпјҡactive/archived',
  `created_by` bigint unsigned DEFAULT NULL COMMENT 'еҲӣе»әдәәID',
  `dept_id` bigint unsigned DEFAULT NULL COMMENT 'жүҖеұһйғЁй—ЁID',
  `created_at` datetime DEFAULT NULL COMMENT 'еҲӣе»әж—¶й—ҙ',
  `updated_at` datetime DEFAULT NULL COMMENT 'жӣҙж–°ж—¶й—ҙ',
  `deleted_at` datetime DEFAULT NULL COMMENT 'иҪҜеҲ йҷӨж—¶й—ҙ',
  PRIMARY KEY (`id`),
  KEY `idx_project` (`project_id`),
  KEY `idx_task` (`task_id`),
  KEY `idx_deleted_at` (`deleted_at`)
) ENGINE=InnoDB DEFAULT CHARSET=utf8mb4 COLLATE=utf8mb4_unicode_ci COMMENT='MVPеҜ№иҜқиЎЁ';
/*!40101 SET character_set_client = @saved_cs_client */;
DROP TABLE IF EXISTS `mvp_decision_action`;
/*!40101 SET @saved_cs_client     = @@character_set_client */;
/*!50503 SET character_set_client = utf8mb4 */;
CREATE TABLE `mvp_decision_action` (
  `id` bigint unsigned NOT NULL COMMENT 'йӣӘиҠұID',
  `workflow_run_id` bigint unsigned NOT NULL,
  `project_id` bigint unsigned NOT NULL,
  `stage_run_id` bigint unsigned DEFAULT NULL COMMENT 'е…іиҒ”йҳ¶ж®өиҝҗиЎҢID',
  `domain_task_id` bigint unsigned DEFAULT NULL COMMENT 'е…іиҒ”йўҶеҹҹд»»еҠЎID',
  `decision_type` varchar(32) COLLATE utf8mb4_general_ci NOT NULL COMMENT 'еҠЁдҪңзұ»еһӢ',
  `decision_level` char(1) COLLATE utf8mb4_general_ci NOT NULL COMMENT 'еҶізӯ–зӯүзә§: A/B/C',
  `trigger_source` varchar(64) COLLATE utf8mb4_general_ci NOT NULL COMMENT 'и§ҰеҸ‘жәҗдәӢд»¶зұ»еһӢ',
  `trigger_context` json DEFAULT NULL COMMENT 'и§ҰеҸ‘дёҠдёӢж–Ү',
  `matched_rule_id` bigint unsigned DEFAULT NULL COMMENT 'еҢ№й…Қзҡ„зӯ–з•Ҙи§„еҲҷID',
  `matched_gate_ids` json DEFAULT NULL COMMENT 'е‘Ҫдёӯзҡ„й—ёй—ЁIDеҲ—иЎЁ',
  `action_type` varchar(64) COLLATE utf8mb4_general_ci NOT NULL DEFAULT '' COMMENT 'зӯ–з•ҘеҢ№й…Қзҡ„еҠЁдҪңзұ»еһӢ(й—ёй—ЁйҷҚзә§еҗҺдёәfallback)',
  `recommendation` json DEFAULT NULL COMMENT 'зі»з»ҹе»әи®®',
  `final_action` varchar(64) COLLATE utf8mb4_general_ci DEFAULT NULL COMMENT 'жңҖз»Ҳе®һйҷ…жү§иЎҢзҡ„еҠЁдҪң',
  `action_status` varchar(16) COLLATE utf8mb4_general_ci NOT NULL DEFAULT 'pending' COMMENT 'pending/auto_executed/waiting_human/approved/rejected/failed',
  `auto_executable` tinyint NOT NULL DEFAULT '0' COMMENT 'жҳҜеҗҰеҸҜиҮӘеҠЁжү§иЎҢ',
  `human_required` tinyint NOT NULL DEFAULT '0' COMMENT 'жҳҜеҗҰйңҖиҰҒдәәе·Ҙ',
  `executed_at` datetime DEFAULT NULL COMMENT 'е®һйҷ…жү§иЎҢж—¶й—ҙ',
  `result` json DEFAULT NULL COMMENT 'жү§иЎҢз»“жһң',
  `created_by` bigint unsigned NOT NULL DEFAULT '0',
  `dept_id` bigint unsigned NOT NULL DEFAULT '0',
  `created_at` datetime DEFAULT NULL,
  `updated_at` datetime DEFAULT NULL,
  `deleted_at` datetime DEFAULT NULL,
  PRIMARY KEY (`id`),
  KEY `idx_workflow` (`workflow_run_id`),
  KEY `idx_project` (`project_id`),
  KEY `idx_status` (`action_status`),
  KEY `idx_type` (`decision_type`),
  KEY `idx_trigger` (`trigger_source`)
) ENGINE=InnoDB DEFAULT CHARSET=utf8mb4 COLLATE=utf8mb4_general_ci COMMENT='иҮӘжІ»еҶізӯ–еҠЁдҪңи®°еҪ•';
/*!40101 SET character_set_client = @saved_cs_client */;
DROP TABLE IF EXISTS `mvp_domain_task`;
/*!40101 SET @saved_cs_client     = @@character_set_client */;
/*!50503 SET character_set_client = utf8mb4 */;
CREATE TABLE `mvp_domain_task` (
  `id` bigint unsigned NOT NULL COMMENT 'йӣӘиҠұID',
  `workflow_run_id` bigint unsigned NOT NULL COMMENT 'жүҖеұһе·ҘдҪңжөҒиҝҗиЎҢID',
  `stage_run_id` bigint unsigned NOT NULL COMMENT 'жүҖеұһйҳ¶ж®өиҝҗиЎҢID',
  `plan_version_id` bigint unsigned DEFAULT NULL COMMENT 'жқҘжәҗи®ЎеҲ’зүҲжң¬ID',
  `blueprint_id` bigint unsigned DEFAULT NULL COMMENT 'жқҘжәҗи“қеӣҫID',
  `parent_task_id` bigint unsigned DEFAULT NULL COMMENT 'зҲ¶д»»еҠЎID',
  `depends_on_task_ids` json DEFAULT NULL COMMENT 'дҫқиө–д»»еҠЎIDеҲ—иЎЁ(JSONж•°з»„)',
  `source_task_id` bigint unsigned DEFAULT NULL COMMENT 'жқҘжәҗд»»еҠЎID(й“ҫи·ҜиҝҪиёӘ)',
  `root_task_id` bigint unsigned DEFAULT NULL COMMENT 'ж №д»»еҠЎID(й“ҫи·ҜиҝҪиёӘ)',
  `task_kind` varchar(32) COLLATE utf8mb4_unicode_ci NOT NULL COMMENT 'д»»еҠЎз§Қзұ»: implement/audit/bug_analysis/failure_analysis',
  `name` varchar(255) COLLATE utf8mb4_unicode_ci NOT NULL COMMENT 'д»»еҠЎеҗҚз§°',
  `description` text COLLATE utf8mb4_unicode_ci NOT NULL COMMENT 'д»»еҠЎжҸҸиҝ°',
  `role_type` varchar(32) COLLATE utf8mb4_unicode_ci NOT NULL COMMENT 'и§’иүІзұ»еһӢ',
  `role_level` varchar(32) COLLATE utf8mb4_unicode_ci NOT NULL COMMENT 'и§’иүІзӯүзә§',
  `execution_mode` varchar(32) COLLATE utf8mb4_unicode_ci NOT NULL COMMENT 'жү§иЎҢж–№ејҸ: chat/aider/openhands',
  `status` varchar(32) COLLATE utf8mb4_unicode_ci NOT NULL COMMENT 'зҠ¶жҖҒ: pending/running/completed/failed/escalated/auditing/bug_found/bug_dispatched',
  `conversation_id` bigint unsigned DEFAULT NULL COMMENT 'е…іиҒ”еҜ№иҜқID',
  `model_id` bigint unsigned DEFAULT NULL COMMENT 'дҪҝз”Ёзҡ„AIжЁЎеһӢID',
  `batch_no` int NOT NULL COMMENT 'жү№ж¬ЎеҸ·',
  `sort` int NOT NULL DEFAULT '0' COMMENT 'жҺ’еәҸ',
  `retry_count` int NOT NULL DEFAULT '0' COMMENT 'йҮҚиҜ•ж¬Ўж•°',
  `affected_resources` json DEFAULT NULL COMMENT 'еҪұе“Қиө„жәҗеҲ—иЎЁ(JSON)',
  `locked_resources` json DEFAULT NULL COMMENT 'й”Ғе®ҡиө„жәҗеҲ—иЎЁ(JSON)',
  `result` longtext COLLATE utf8mb4_unicode_ci COMMENT 'жү§иЎҢз»“жһң',
  `context_summary` text COLLATE utf8mb4_unicode_ci COMMENT 'дёҠдёӢж–Үж‘ҳиҰҒ',
  `heartbeat_at` datetime DEFAULT NULL COMMENT 'еҝғи·іж—¶й—ҙ',
  `started_at` datetime DEFAULT NULL COMMENT 'ејҖе§Ӣж—¶й—ҙ',
  `completed_at` datetime DEFAULT NULL COMMENT 'е®ҢжҲҗж—¶й—ҙ',
  `created_at` datetime NOT NULL COMMENT 'еҲӣе»әж—¶й—ҙ',
  `updated_at` datetime NOT NULL COMMENT 'жӣҙж–°ж—¶й—ҙ',
  `deleted_at` datetime DEFAULT NULL COMMENT 'иҪҜеҲ йҷӨж—¶й—ҙ',
  `created_by` bigint NOT NULL DEFAULT '0' COMMENT 'еҲӣе»әдәәID',
  `dept_id` bigint NOT NULL DEFAULT '0' COMMENT 'йғЁй—ЁID',
  PRIMARY KEY (`id`),
  KEY `idx_workflow_status` (`workflow_run_id`,`status`),
  KEY `idx_workflow_batch` (`workflow_run_id`,`batch_no`,`sort`),
  KEY `idx_stage_status` (`stage_run_id`,`status`),
  KEY `idx_root_task` (`root_task_id`),
  KEY `idx_source_task` (`source_task_id`)
) ENGINE=InnoDB DEFAULT CHARSET=utf8mb4 COLLATE=utf8mb4_unicode_ci COMMENT='йўҶеҹҹд»»еҠЎ';
/*!40101 SET character_set_client = @saved_cs_client */;
DROP TABLE IF EXISTS `mvp_handoff_record`;
/*!40101 SET @saved_cs_client     = @@character_set_client */;
/*!50503 SET character_set_client = utf8mb4 */;
CREATE TABLE `mvp_handoff_record` (
  `id` bigint unsigned NOT NULL COMMENT 'йӣӘиҠұID',
  `workflow_run_id` bigint unsigned NOT NULL COMMENT 'жүҖеұһе·ҘдҪңжөҒиҝҗиЎҢID',
  `from_task_id` bigint unsigned DEFAULT NULL COMMENT 'жқҘжәҗд»»еҠЎID',
  `to_task_id` bigint unsigned DEFAULT NULL COMMENT 'зӣ®ж Үд»»еҠЎID',
  `handoff_type` varchar(32) COLLATE utf8mb4_unicode_ci NOT NULL COMMENT 'дәӨжҺҘзұ»еһӢ: bug_fix/failure_escalation/rework/audit',
  `reason` text COLLATE utf8mb4_unicode_ci COMMENT 'дәӨжҺҘеҺҹеӣ ',
  `payload` json DEFAULT NULL COMMENT 'дәӨжҺҘиҪҪиҚ·(JSON)',
  `created_at` datetime NOT NULL COMMENT 'еҲӣе»әж—¶й—ҙ',
  PRIMARY KEY (`id`),
  KEY `idx_workflow_type` (`workflow_run_id`,`handoff_type`)
) ENGINE=InnoDB DEFAULT CHARSET=utf8mb4 COLLATE=utf8mb4_unicode_ci COMMENT='дәӨжҺҘи®°еҪ•';
/*!40101 SET character_set_client = @saved_cs_client */;
DROP TABLE IF EXISTS `mvp_human_checkpoint`;
/*!40101 SET @saved_cs_client     = @@character_set_client */;
/*!50503 SET character_set_client = utf8mb4 */;
CREATE TABLE `mvp_human_checkpoint` (
  `id` bigint unsigned NOT NULL COMMENT 'йӣӘиҠұID',
  `workflow_run_id` bigint unsigned NOT NULL,
  `project_id` bigint unsigned NOT NULL,
  `decision_action_id` bigint unsigned NOT NULL COMMENT 'е…іиҒ”зҡ„еҶізӯ–еҠЁдҪңID',
  `checkpoint_type` varchar(32) COLLATE utf8mb4_general_ci NOT NULL COMMENT 'иҠӮзӮ№зұ»еһӢ: manual_review/approval/escalation',
  `title` varchar(256) COLLATE utf8mb4_general_ci NOT NULL COMMENT 'ж Үйўҳ',
  `description` text COLLATE utf8mb4_general_ci COMMENT 'иҜҰз»ҶжҸҸиҝ°',
  `status` varchar(16) COLLATE utf8mb4_general_ci NOT NULL DEFAULT 'open' COMMENT 'open/handled/expired/canceled',
  `assigned_to` bigint unsigned DEFAULT NULL COMMENT 'жҢҮжҙҫз»ҷи°Ғ',
  `handled_by` bigint unsigned DEFAULT NULL COMMENT 'е®һйҷ…еӨ„зҗҶдәә',
  `handle_action` varchar(32) COLLATE utf8mb4_general_ci DEFAULT NULL COMMENT 'еӨ„зҗҶеҠЁдҪң: approve/reject/retry/rework/override',
  `handle_reason` text COLLATE utf8mb4_general_ci COMMENT 'еӨ„зҗҶзҗҶз”ұ',
  `handled_at` datetime DEFAULT NULL COMMENT 'еӨ„зҗҶж—¶й—ҙ',
  `expires_at` datetime DEFAULT NULL COMMENT 'иҝҮжңҹж—¶й—ҙ',
  `created_by` bigint unsigned NOT NULL DEFAULT '0',
  `dept_id` bigint unsigned NOT NULL DEFAULT '0',
  `created_at` datetime DEFAULT NULL,
  `updated_at` datetime DEFAULT NULL,
  `deleted_at` datetime DEFAULT NULL,
  PRIMARY KEY (`id`),
  KEY `idx_workflow` (`workflow_run_id`),
  KEY `idx_project` (`project_id`),
  KEY `idx_decision_action` (`decision_action_id`),
  KEY `idx_status` (`status`),
  KEY `idx_assigned` (`assigned_to`,`status`)
) ENGINE=InnoDB DEFAULT CHARSET=utf8mb4 COLLATE=utf8mb4_general_ci COMMENT='дәәе·Ҙд»Ӣе…ҘиҠӮзӮ№';
/*!40101 SET character_set_client = @saved_cs_client */;
DROP TABLE IF EXISTS `mvp_message`;
/*!40101 SET @saved_cs_client     = @@character_set_client */;
/*!50503 SET character_set_client = utf8mb4 */;
CREATE TABLE `mvp_message` (
  `id` bigint unsigned NOT NULL COMMENT 'йӣӘиҠұID',
  `conversation_id` bigint unsigned NOT NULL COMMENT 'еҜ№иҜқID',
  `role` varchar(20) CHARACTER SET utf8mb4 COLLATE utf8mb4_unicode_ci NOT NULL COMMENT 'ж¶ҲжҒҜи§’иүІпјҡuser/assistant/system',
  `message_type` varchar(30) CHARACTER SET utf8mb4 COLLATE utf8mb4_unicode_ci NOT NULL DEFAULT 'general' COMMENT 'ж¶ҲжҒҜзұ»еһӢпјҡchat_user/chat_reply/task_prompt/task_reply/system_notice/poison/general',
  `content` longtext CHARACTER SET utf8mb4 COLLATE utf8mb4_unicode_ci NOT NULL COMMENT 'ж¶ҲжҒҜеҶ…е®№',
  `model_id` bigint unsigned DEFAULT NULL COMMENT 'дҪҝз”Ёзҡ„AIжЁЎеһӢID',
  `token_usage` json DEFAULT NULL COMMENT 'tokenж¶ҲиҖ—пјҡ{prompt_tokens, completion_tokens}',
  `status` varchar(20) CHARACTER SET utf8mb4 COLLATE utf8mb4_unicode_ci NOT NULL DEFAULT 'completed' COMMENT 'зҠ¶жҖҒпјҡpending/streaming/completed/failed',
  `created_by` bigint unsigned DEFAULT NULL COMMENT 'еҲӣе»әдәәID',
  `dept_id` bigint unsigned DEFAULT NULL COMMENT 'жүҖеұһйғЁй—ЁID',
  `created_at` datetime DEFAULT NULL COMMENT 'еҲӣе»әж—¶й—ҙ',
  `updated_at` datetime DEFAULT NULL COMMENT 'жӣҙж–°ж—¶й—ҙ',
  `deleted_at` datetime DEFAULT NULL COMMENT 'иҪҜеҲ йҷӨж—¶й—ҙ',
  PRIMARY KEY (`id`),
  KEY `idx_conversation` (`conversation_id`),
  KEY `idx_status` (`status`),
  KEY `idx_deleted_at` (`deleted_at`),
  KEY `idx_message_type` (`message_type`),
  KEY `idx_conversation_status_created` (`conversation_id`,`status`,`created_at`),
  KEY `idx_mvp_message_conversation_status` (`conversation_id`,`status`)
) ENGINE=InnoDB DEFAULT CHARSET=utf8mb4 COLLATE=utf8mb4_unicode_ci COMMENT='MVPж¶ҲжҒҜиЎЁ';
/*!40101 SET character_set_client = @saved_cs_client */;
DROP TABLE IF EXISTS `mvp_message_chunk`;
/*!40101 SET @saved_cs_client     = @@character_set_client */;
/*!50503 SET character_set_client = utf8mb4 */;
CREATE TABLE `mvp_message_chunk` (
  `id` bigint unsigned NOT NULL AUTO_INCREMENT COMMENT 'иҮӘеўһID',
  `message_id` bigint unsigned NOT NULL COMMENT 'ж¶ҲжҒҜID',
  `chunk_index` int NOT NULL COMMENT 'еҲҶзүҮеәҸеҸ·',
  `content` text CHARACTER SET utf8mb4 COLLATE utf8mb4_unicode_ci NOT NULL COMMENT 'еҲҶзүҮеҶ…е®№',
  `created_at` datetime(3) DEFAULT CURRENT_TIMESTAMP(3) COMMENT 'еҲӣе»әж—¶й—ҙпјҲзІҫзЎ®еҲ°жҜ«з§’пјү',
  PRIMARY KEY (`id`),
  KEY `idx_message_chunk` (`message_id`,`chunk_index`),
  KEY `idx_chunk_created` (`created_at`)
) ENGINE=InnoDB AUTO_INCREMENT=22630 DEFAULT CHARSET=utf8mb4 COLLATE=utf8mb4_unicode_ci COMMENT='ж¶ҲжҒҜеҲҶзүҮиЎЁпјҲжөҒејҸиҫ“еҮәпјү';
/*!40101 SET character_set_client = @saved_cs_client */;
DROP TABLE IF EXISTS `mvp_plan_version`;
/*!40101 SET @saved_cs_client     = @@character_set_client */;
/*!50503 SET character_set_client = utf8mb4 */;
CREATE TABLE `mvp_plan_version` (
  `id` bigint unsigned NOT NULL COMMENT 'йӣӘиҠұID',
  `project_id` bigint unsigned NOT NULL COMMENT 'жүҖеұһйЎ№зӣ®ID',
  `workflow_run_id` bigint unsigned NOT NULL COMMENT 'жүҖеұһе·ҘдҪңжөҒиҝҗиЎҢID',
  `version_no` int NOT NULL COMMENT 'зүҲжң¬еҸ·(йЎ№зӣ®еҶ…йҖ’еўһ)',
  `source_conversation_id` bigint unsigned DEFAULT NULL COMMENT 'жқҘжәҗеҜ№иҜқID',
  `source_message_id` bigint unsigned DEFAULT NULL COMMENT 'жқҘжәҗж¶ҲжҒҜID',
  `status` varchar(32) COLLATE utf8mb4_unicode_ci NOT NULL COMMENT 'зүҲжң¬зҠ¶жҖҒ: draft/active/superseded',
  `review_status` varchar(32) COLLATE utf8mb4_unicode_ci NOT NULL COMMENT 'е®Ўж ёзҠ¶жҖҒ: pending/approved/rejected',
  `summary` text COLLATE utf8mb4_unicode_ci COMMENT 'зүҲжң¬ж‘ҳиҰҒ',
  `diff_summary` text COLLATE utf8mb4_unicode_ci COMMENT 'дёҺдёҠдёҖзүҲжң¬зҡ„е·®ејӮж‘ҳиҰҒ',
  `approved_at` datetime DEFAULT NULL COMMENT 'е®Ўж ёйҖҡиҝҮж—¶й—ҙ',
  `rejected_at` datetime DEFAULT NULL COMMENT 'е®Ўж ёй©іеӣһж—¶й—ҙ',
  `created_at` datetime NOT NULL COMMENT 'еҲӣе»әж—¶й—ҙ',
  `updated_at` datetime NOT NULL COMMENT 'жӣҙж–°ж—¶й—ҙ',
  `deleted_at` datetime DEFAULT NULL COMMENT 'иҪҜеҲ йҷӨж—¶й—ҙ',
  `created_by` bigint NOT NULL DEFAULT '0' COMMENT 'еҲӣе»әдәәID',
  `dept_id` bigint NOT NULL DEFAULT '0' COMMENT 'йғЁй—ЁID',
  PRIMARY KEY (`id`),
  UNIQUE KEY `uk_project_version` (`project_id`,`version_no`),
  KEY `idx_workflow_status` (`workflow_run_id`,`status`,`review_status`)
) ENGINE=InnoDB DEFAULT CHARSET=utf8mb4 COLLATE=utf8mb4_unicode_ci COMMENT='и®ЎеҲ’зүҲжң¬';
/*!40101 SET character_set_client = @saved_cs_client */;
DROP TABLE IF EXISTS `mvp_policy_rule`;
/*!40101 SET @saved_cs_client     = @@character_set_client */;
/*!50503 SET character_set_client = utf8mb4 */;
CREATE TABLE `mvp_policy_rule` (
  `id` bigint unsigned NOT NULL COMMENT 'йӣӘиҠұID',
  `rule_code` varchar(64) COLLATE utf8mb4_general_ci NOT NULL COMMENT 'и§„еҲҷзј–з Ғ(е”ҜдёҖ)',
  `rule_name` varchar(128) COLLATE utf8mb4_general_ci NOT NULL COMMENT 'и§„еҲҷеҗҚз§°',
  `decision_type` varchar(32) COLLATE utf8mb4_general_ci NOT NULL COMMENT 'еҶізӯ–еҠЁдҪңзұ»еһӢ',
  `decision_level` char(1) COLLATE utf8mb4_general_ci NOT NULL COMMENT 'еҶізӯ–зӯүзә§: A/B/C',
  `trigger_source` varchar(64) COLLATE utf8mb4_general_ci NOT NULL COMMENT 'и§ҰеҸ‘жәҗдәӢд»¶зұ»еһӢ',
  `project_family` varchar(32) COLLATE utf8mb4_general_ci DEFAULT NULL COMMENT 'йҖӮз”ЁйЎ№зӣ®е®¶ж—Ҹ(NULL=е…ЁеұҖ)',
  `project_category_code` varchar(64) COLLATE utf8mb4_general_ci DEFAULT NULL COMMENT 'йҖӮз”ЁйЎ№зӣ®еҲҶзұ»(NULL=е…ЁеұҖ)',
  `config_json` json NOT NULL COMMENT 'и§„еҲҷй…ҚзҪ®(жқЎд»¶/йҳҲеҖј)',
  `enabled` tinyint NOT NULL DEFAULT '1' COMMENT 'жҳҜеҗҰеҗҜз”Ё',
  `priority` int NOT NULL DEFAULT '100' COMMENT 'дјҳе…Ҳзә§(и¶Ҡе°Ҹи¶Ҡдјҳе…Ҳ)',
  `created_by` bigint unsigned NOT NULL DEFAULT '0',
  `dept_id` bigint unsigned NOT NULL DEFAULT '0',
  `created_at` datetime DEFAULT NULL,
  `updated_at` datetime DEFAULT NULL,
  `deleted_at` datetime DEFAULT NULL,
  PRIMARY KEY (`id`),
  UNIQUE KEY `uk_rule_code` (`rule_code`),
  KEY `idx_trigger` (`trigger_source`,`enabled`),
  KEY `idx_level` (`decision_level`),
  KEY `idx_family_cat` (`project_family`,`project_category_code`)
) ENGINE=InnoDB DEFAULT CHARSET=utf8mb4 COLLATE=utf8mb4_general_ci COMMENT='иҮӘжІ»зӯ–з•Ҙи§„еҲҷ';
/*!40101 SET character_set_client = @saved_cs_client */;
DROP TABLE IF EXISTS `mvp_project`;
/*!40101 SET @saved_cs_client     = @@character_set_client */;
/*!50503 SET character_set_client = utf8mb4 */;
CREATE TABLE `mvp_project` (
  `id` bigint unsigned NOT NULL COMMENT 'йӣӘиҠұID',
  `name` varchar(200) CHARACTER SET utf8mb4 COLLATE utf8mb4_unicode_ci NOT NULL COMMENT 'йЎ№зӣ®еҗҚз§°',
  `project_category` varchar(50) CHARACTER SET utf8mb4 COLLATE utf8mb4_unicode_ci NOT NULL DEFAULT '' COMMENT 'йЎ№зӣ®еҲҶзұ»',
  `category_code` varchar(64) COLLATE utf8mb4_unicode_ci DEFAULT NULL COMMENT 'йЎ№зӣ®еҲҶзұ»зј–з Ғ',
  `description` text CHARACTER SET utf8mb4 COLLATE utf8mb4_unicode_ci COMMENT 'йЎ№зӣ®з®Җд»Ӣ',
  `status` varchar(20) COLLATE utf8mb4_unicode_ci NOT NULL DEFAULT 'designing' COMMENT 'йЎ№зӣ®зҠ¶жҖҒ: designing/reviewing/running/paused/completed',
  `pause_reason` text CHARACTER SET utf8mb4 COLLATE utf8mb4_unicode_ci COMMENT 'жҡӮеҒңеҺҹеӣ ',
  `global_context` text CHARACTER SET utf8mb4 COLLATE utf8mb4_unicode_ci COMMENT 'йЎ№зӣ®е…ЁеұҖдёҠдёӢж–ҮпјҲжһ¶жһ„еёҲйңҖжұӮеҲҶжһҗ+ж–№жЎҲи®ҫи®Ўзҡ„еҺӢзј©ж‘ҳиҰҒпјү',
  `architect_model_id` bigint unsigned DEFAULT NULL COMMENT 'жһ¶жһ„еёҲдҪҝз”Ёзҡ„AIжЁЎеһӢID',
  `work_dir` varchar(500) COLLATE utf8mb4_unicode_ci DEFAULT NULL COMMENT 'йЎ№зӣ®д»Јз Ғе·ҘдҪңзӣ®еҪ•пјҲAiderжү§иЎҢи·Ҝеҫ„пјү',
  `active_batch_no` int NOT NULL DEFAULT '0' COMMENT 'еҪ“еүҚжҙ»и·ғжү№ж¬ЎеҸ·пјҲи°ғеәҰеҷЁжҢҒд№…еҢ–пјҢ0=ж— жҙ»и·ғжү№ж¬Ўпјү',
  `engine_version` varchar(32) COLLATE utf8mb4_unicode_ci DEFAULT 'legacy' COMMENT 'жү§иЎҢеј•ж“ҺзүҲжң¬: legacy/workflow_v2',
  `active_workflow_run_id` bigint unsigned DEFAULT NULL COMMENT 'еҪ“еүҚжҙ»и·ғе·ҘдҪңжөҒиҝҗиЎҢID',
  `created_by` bigint unsigned DEFAULT NULL COMMENT 'еҲӣе»әдәәID',
  `dept_id` bigint unsigned DEFAULT NULL COMMENT 'жүҖеұһйғЁй—ЁID',
  `created_at` datetime DEFAULT NULL COMMENT 'еҲӣе»әж—¶й—ҙ',
  `updated_at` datetime DEFAULT NULL COMMENT 'жӣҙж–°ж—¶й—ҙ',
  `deleted_at` datetime DEFAULT NULL COMMENT 'иҪҜеҲ йҷӨж—¶й—ҙ',
  PRIMARY KEY (`id`),
  KEY `idx_status` (`status`),
  KEY `idx_deleted_at` (`deleted_at`),
  KEY `idx_category_code` (`category_code`)
) ENGINE=InnoDB DEFAULT CHARSET=utf8mb4 COLLATE=utf8mb4_unicode_ci COMMENT='MVPйЎ№зӣ®иЎЁ';
/*!40101 SET character_set_client = @saved_cs_client */;
DROP TABLE IF EXISTS `mvp_project_category`;
/*!40101 SET @saved_cs_client     = @@character_set_client */;
/*!50503 SET character_set_client = utf8mb4 */;
CREATE TABLE `mvp_project_category` (
  `id` bigint NOT NULL COMMENT 'дё»й”®ID',
  `category_code` varchar(64) COLLATE utf8mb4_unicode_ci NOT NULL COMMENT 'зЁіе®ҡеҲҶзұ»зј–з Ғ',
  `display_name` varchar(64) COLLATE utf8mb4_unicode_ci NOT NULL COMMENT 'еұ•зӨәеҗҚз§°',
  `family_code` varchar(32) COLLATE utf8mb4_unicode_ci NOT NULL COMMENT 'иғҪеҠӣе®¶ж—Ҹзј–з Ғ',
  `description` varchar(255) COLLATE utf8mb4_unicode_ci DEFAULT NULL COMMENT 'еҲҶзұ»иҜҙжҳҺ',
  `status` tinyint NOT NULL DEFAULT '1' COMMENT '1еҗҜз”Ё 0еҒңз”Ё',
  `sort` int NOT NULL DEFAULT '100' COMMENT 'жҺ’еәҸ',
  `created_by` bigint NOT NULL DEFAULT '0' COMMENT 'еҲӣе»әдәә',
  `dept_id` bigint NOT NULL DEFAULT '0' COMMENT 'йғЁй—ЁID',
  `created_at` datetime NOT NULL COMMENT 'еҲӣе»әж—¶й—ҙ',
  `updated_at` datetime NOT NULL COMMENT 'жӣҙж–°ж—¶й—ҙ',
  `deleted_at` datetime DEFAULT NULL COMMENT 'иҪҜеҲ йҷӨж—¶й—ҙ',
  PRIMARY KEY (`id`),
  UNIQUE KEY `uk_category_code` (`category_code`),
  KEY `idx_family_code` (`family_code`),
  KEY `idx_status_sort` (`status`,`sort`)
) ENGINE=InnoDB DEFAULT CHARSET=utf8mb4 COLLATE=utf8mb4_unicode_ci COMMENT='йЎ№зӣ®еҲҶзұ»й…ҚзҪ®иЎЁ';
/*!40101 SET character_set_client = @saved_cs_client */;
DROP TABLE IF EXISTS `mvp_project_report`;
/*!40101 SET @saved_cs_client     = @@character_set_client */;
/*!50503 SET character_set_client = utf8mb4 */;
CREATE TABLE `mvp_project_report` (
  `id` bigint unsigned NOT NULL,
  `workflow_run_id` bigint unsigned NOT NULL,
  `project_id` bigint unsigned NOT NULL,
  `report_type` varchar(16) COLLATE utf8mb4_general_ci NOT NULL COMMENT 'stage/daily/weekly/summary',
  `stage_type` varchar(32) COLLATE utf8mb4_general_ci DEFAULT NULL COMMENT 'йҳ¶ж®өзұ»еһӢ',
  `title` varchar(200) COLLATE utf8mb4_general_ci NOT NULL,
  `content` text COLLATE utf8mb4_general_ci NOT NULL COMMENT 'Markdown ж јејҸжҠҘе‘ҠжӯЈж–Ү',
  `metrics` json DEFAULT NULL COMMENT 'е…ій”®жҢҮж Үеҝ«з…§',
  `created_by` bigint unsigned DEFAULT '0',
  `dept_id` bigint unsigned DEFAULT '0',
  `created_at` datetime DEFAULT NULL,
  `updated_at` datetime DEFAULT NULL,
  `deleted_at` datetime DEFAULT NULL,
  PRIMARY KEY (`id`),
  KEY `idx_workflow` (`workflow_run_id`),
  KEY `idx_project` (`project_id`),
  KEY `idx_type` (`report_type`)
) ENGINE=InnoDB DEFAULT CHARSET=utf8mb4 COLLATE=utf8mb4_general_ci COMMENT='йЎ№зӣ®жұҮжҠҘ';
/*!40101 SET character_set_client = @saved_cs_client */;
DROP TABLE IF EXISTS `mvp_project_role`;
/*!40101 SET @saved_cs_client     = @@character_set_client */;
/*!50503 SET character_set_client = utf8mb4 */;
CREATE TABLE `mvp_project_role` (
  `id` bigint unsigned NOT NULL COMMENT 'йӣӘиҠұID',
  `project_id` bigint unsigned NOT NULL COMMENT 'йЎ№зӣ®ID',
  `project_category` varchar(50) CHARACTER SET utf8mb4 COLLATE utf8mb4_unicode_ci NOT NULL DEFAULT '' COMMENT 'йЎ№зӣ®еҲҶзұ»',
  `role_type` varchar(20) CHARACTER SET utf8mb4 COLLATE utf8mb4_unicode_ci NOT NULL COMMENT 'и§’иүІзұ»еһӢпјҡarchitect/implementer/auditor/coordinator',
  `role_level` varchar(10) CHARACTER SET utf8mb4 COLLATE utf8mb4_unicode_ci DEFAULT NULL COMMENT 'и§’иүІзӯүзә§пјҡlite/pro/max',
  `model_id` bigint unsigned NOT NULL COMMENT 'AIжЁЎеһӢID',
  `system_prompt` text CHARACTER SET utf8mb4 COLLATE utf8mb4_unicode_ci COMMENT 'зі»з»ҹжҸҗзӨәиҜҚпјҲи§’иүІи®ҫе®ҡпјү',
  `execution_mode` varchar(20) COLLATE utf8mb4_unicode_ci NOT NULL DEFAULT 'chat' COMMENT 'жү§иЎҢж–№ејҸ: chat=еҜ№иҜқжЁЎејҸ, aider=Aiderд»Јз Ғзј–иҫ‘, openhands=OpenHandsжІҷз®ұ',
  `status` tinyint(1) NOT NULL DEFAULT '1' COMMENT 'зҠ¶жҖҒ:0=зҰҒз”Ё,1=еҗҜз”Ё',
  `created_by` bigint unsigned DEFAULT NULL COMMENT 'еҲӣе»әдәәID',
  `dept_id` bigint unsigned DEFAULT NULL COMMENT 'жүҖеұһйғЁй—ЁID',
  `created_at` datetime DEFAULT NULL COMMENT 'еҲӣе»әж—¶й—ҙ',
  `updated_at` datetime DEFAULT NULL COMMENT 'жӣҙж–°ж—¶й—ҙ',
  `deleted_at` datetime DEFAULT NULL COMMENT 'иҪҜеҲ йҷӨж—¶й—ҙ',
  PRIMARY KEY (`id`),
  KEY `idx_project` (`project_id`),
  KEY `idx_deleted_at` (`deleted_at`),
  KEY `idx_project_role_level` (`project_id`,`role_type`,`role_level`)
) ENGINE=InnoDB DEFAULT CHARSET=utf8mb4 COLLATE=utf8mb4_unicode_ci COMMENT='йЎ№зӣ®и§’иүІй…ҚзҪ®иЎЁ';
/*!40101 SET character_set_client = @saved_cs_client */;
DROP TABLE IF EXISTS `mvp_review_issue`;
/*!40101 SET @saved_cs_client     = @@character_set_client */;
/*!50503 SET character_set_client = utf8mb4 */;
CREATE TABLE `mvp_review_issue` (
  `id` bigint unsigned NOT NULL COMMENT 'йӣӘиҠұID',
  `workflow_run_id` bigint unsigned NOT NULL COMMENT 'жүҖеұһе·ҘдҪңжөҒиҝҗиЎҢID',
  `stage_run_id` bigint unsigned NOT NULL COMMENT 'жүҖеұһйҳ¶ж®өиҝҗиЎҢID',
  `plan_version_id` bigint unsigned NOT NULL COMMENT 'жүҖеұһи®ЎеҲ’зүҲжң¬ID',
  `blueprint_id` bigint unsigned DEFAULT NULL COMMENT 'е…іиҒ”и“қеӣҫID',
  `severity` varchar(16) COLLATE utf8mb4_unicode_ci NOT NULL COMMENT 'дёҘйҮҚзә§еҲ«: error/warning/info',
  `issue_code` varchar(64) COLLATE utf8mb4_unicode_ci NOT NULL COMMENT 'й—®йўҳд»Јз Ғ',
  `issue_type` varchar(32) COLLATE utf8mb4_unicode_ci NOT NULL COMMENT 'й—®йўҳзұ»еһӢ',
  `source_role` varchar(32) COLLATE utf8mb4_unicode_ci NOT NULL COMMENT 'еҸ‘зҺ°и§’иүІ',
  `task_name` varchar(255) COLLATE utf8mb4_unicode_ci DEFAULT NULL COMMENT 'е…іиҒ”д»»еҠЎеҗҚ',
  `message` text COLLATE utf8mb4_unicode_ci NOT NULL COMMENT 'й—®йўҳжҸҸиҝ°',
  `suggestion` text COLLATE utf8mb4_unicode_ci COMMENT 'дҝ®еӨҚе»әи®®',
  `status` varchar(32) COLLATE utf8mb4_unicode_ci NOT NULL COMMENT 'зҠ¶жҖҒ: open/resolved/ignored',
  `resolved_at` datetime DEFAULT NULL COMMENT 'и§ЈеҶіж—¶й—ҙ',
  `created_at` datetime NOT NULL COMMENT 'еҲӣе»әж—¶й—ҙ',
  `updated_at` datetime NOT NULL COMMENT 'жӣҙж–°ж—¶й—ҙ',
  `deleted_at` datetime DEFAULT NULL COMMENT 'иҪҜеҲ йҷӨж—¶й—ҙ',
  `created_by` bigint NOT NULL DEFAULT '0' COMMENT 'еҲӣе»әдәәID',
  `dept_id` bigint NOT NULL DEFAULT '0' COMMENT 'йғЁй—ЁID',
  PRIMARY KEY (`id`),
  KEY `idx_plan_issue` (`plan_version_id`,`severity`,`status`),
  KEY `idx_blueprint_issue` (`blueprint_id`,`severity`,`status`)
) ENGINE=InnoDB DEFAULT CHARSET=utf8mb4 COLLATE=utf8mb4_unicode_ci COMMENT='е®Ўж ёй—®йўҳ';
/*!40101 SET character_set_client = @saved_cs_client */;
DROP TABLE IF EXISTS `mvp_risk_gate_rule`;
/*!40101 SET @saved_cs_client     = @@character_set_client */;
/*!50503 SET character_set_client = utf8mb4 */;
CREATE TABLE `mvp_risk_gate_rule` (
  `id` bigint unsigned NOT NULL COMMENT 'йӣӘиҠұID',
  `gate_code` varchar(64) COLLATE utf8mb4_general_ci NOT NULL COMMENT 'й—ёй—Ёзј–з Ғ(е”ҜдёҖ)',
  `gate_name` varchar(128) COLLATE utf8mb4_general_ci NOT NULL COMMENT 'й—ёй—ЁеҗҚз§°',
  `gate_type` varchar(32) COLLATE utf8mb4_general_ci NOT NULL COMMENT 'й—ёй—Ёзұ»еһӢ: permission/quality/cost/runtime',
  `project_family` varchar(32) COLLATE utf8mb4_general_ci DEFAULT NULL COMMENT 'йҖӮз”ЁйЎ№зӣ®е®¶ж—Ҹ(NULL=е…ЁеұҖ)',
  `project_category_code` varchar(64) COLLATE utf8mb4_general_ci DEFAULT NULL COMMENT 'йҖӮз”ЁйЎ№зӣ®еҲҶзұ»(NULL=е…ЁеұҖ)',
  `trigger_expression` json NOT NULL COMMENT 'и§ҰеҸ‘иЎЁиҫҫејҸ(JSONи§„еҲҷ)',
  `block_action` varchar(64) COLLATE utf8mb4_general_ci NOT NULL COMMENT 'е‘ҪдёӯеҗҺзҰҒжӯўзҡ„еҠЁдҪң',
  `fallback_action` varchar(64) COLLATE utf8mb4_general_ci DEFAULT NULL COMMENT 'е‘ҪдёӯеҗҺйҷҚзә§еҠЁдҪң',
  `enabled` tinyint NOT NULL DEFAULT '1' COMMENT 'жҳҜеҗҰеҗҜз”Ё',
  `priority` int NOT NULL DEFAULT '100' COMMENT 'дјҳе…Ҳзә§(и¶Ҡе°Ҹи¶Ҡдјҳе…Ҳ)',
  `created_by` bigint unsigned NOT NULL DEFAULT '0',
  `dept_id` bigint unsigned NOT NULL DEFAULT '0',
  `created_at` datetime DEFAULT NULL,
  `updated_at` datetime DEFAULT NULL,
  `deleted_at` datetime DEFAULT NULL,
  PRIMARY KEY (`id`),
  UNIQUE KEY `uk_gate_code` (`gate_code`),
  KEY `idx_gate_type` (`gate_type`,`enabled`),
  KEY `idx_family_cat` (`project_family`,`project_category_code`)
) ENGINE=InnoDB DEFAULT CHARSET=utf8mb4 COLLATE=utf8mb4_general_ci COMMENT='йЈҺйҷ©й—ёй—Ёи§„еҲҷ';
/*!40101 SET character_set_client = @saved_cs_client */;
DROP TABLE IF EXISTS `mvp_role_preset`;
/*!40101 SET @saved_cs_client     = @@character_set_client */;
/*!50503 SET character_set_client = utf8mb4 */;
CREATE TABLE `mvp_role_preset` (
  `id` bigint unsigned NOT NULL COMMENT 'йӣӘиҠұID',
  `project_category` varchar(50) CHARACTER SET utf8mb4 COLLATE utf8mb4_unicode_ci NOT NULL DEFAULT '' COMMENT 'йЎ№зӣ®еҲҶзұ»',
  `role_type` varchar(20) COLLATE utf8mb4_unicode_ci NOT NULL COMMENT 'и§’иүІзұ»еһӢпјҡarchitect/implementer/auditor/coordinator',
  `role_level` varchar(10) COLLATE utf8mb4_unicode_ci DEFAULT NULL COMMENT 'и§’иүІзӯүзә§пјҡlite/pro/max',
  `model_id` bigint unsigned NOT NULL COMMENT 'AIжЁЎеһӢID',
  `system_prompt` text COLLATE utf8mb4_unicode_ci COMMENT 'й»ҳи®Өзі»з»ҹжҸҗзӨәиҜҚпјҲи§’иүІи®ҫе®ҡпјү',
  `execution_mode` varchar(20) COLLATE utf8mb4_unicode_ci NOT NULL DEFAULT 'chat' COMMENT 'жү§иЎҢж–№ејҸ: chat=еҜ№иҜқжЁЎејҸ, aider=Aiderд»Јз Ғзј–иҫ‘, openhands=OpenHandsжІҷз®ұ',
  `is_default` tinyint(1) NOT NULL DEFAULT '0' COMMENT 'жҳҜеҗҰдёәй»ҳи®ӨжЁЎжқҝпјҲ1=й»ҳи®ӨпјҢ0=жү©еұ•пјү',
  `status` tinyint(1) NOT NULL DEFAULT '1' COMMENT 'зҠ¶жҖҒ:0=зҰҒз”Ё,1=еҗҜз”Ё',
  `sort` int NOT NULL DEFAULT '0' COMMENT 'жҺ’еәҸ',
  `created_by` bigint unsigned DEFAULT NULL COMMENT 'еҲӣе»әдәәID',
  `dept_id` bigint unsigned DEFAULT NULL COMMENT 'жүҖеұһйғЁй—ЁID',
  `created_at` datetime DEFAULT NULL COMMENT 'еҲӣе»әж—¶й—ҙ',
  `updated_at` datetime DEFAULT NULL COMMENT 'жӣҙж–°ж—¶й—ҙ',
  `deleted_at` datetime DEFAULT NULL COMMENT 'иҪҜеҲ йҷӨж—¶й—ҙ',
  PRIMARY KEY (`id`),
  KEY `idx_deleted_at` (`deleted_at`),
  KEY `idx_project_category` (`project_category`)
) ENGINE=InnoDB DEFAULT CHARSET=utf8mb4 COLLATE=utf8mb4_unicode_ci COMMENT='и§’иүІйў„и®ҫжЁЎжқҝ';
/*!40101 SET character_set_client = @saved_cs_client */;
DROP TABLE IF EXISTS `mvp_stage_run`;
/*!40101 SET @saved_cs_client     = @@character_set_client */;
/*!50503 SET character_set_client = utf8mb4 */;
CREATE TABLE `mvp_stage_run` (
  `id` bigint unsigned NOT NULL COMMENT 'йӣӘиҠұID',
  `workflow_run_id` bigint unsigned NOT NULL COMMENT 'жүҖеұһе·ҘдҪңжөҒиҝҗиЎҢID',
  `stage_type` varchar(32) COLLATE utf8mb4_unicode_ci NOT NULL COMMENT 'йҳ¶ж®өзұ»еһӢ: design/review/execute/rework/complete',
  `stage_no` int NOT NULL COMMENT 'еҗҢзұ»еһӢйҳ¶ж®өеәҸеҸ·(ж”ҜжҢҒеӨҡиҪ®)',
  `status` varchar(32) COLLATE utf8mb4_unicode_ci NOT NULL COMMENT 'зҠ¶жҖҒ: pending/running/completed/failed/skipped',
  `created_by` bigint NOT NULL DEFAULT '0' COMMENT 'еҲӣе»әдәәID',
  `dept_id` bigint NOT NULL DEFAULT '0' COMMENT 'йғЁй—ЁID',
  `input_ref` json DEFAULT NULL COMMENT 'йҳ¶ж®өиҫ“е…Ҙеј•з”Ё(JSON)',
  `output_ref` json DEFAULT NULL COMMENT 'йҳ¶ж®өиҫ“еҮәеј•з”Ё(JSON)',
  `decision` json DEFAULT NULL COMMENT 'йҳ¶ж®өеҶізӯ–з»“жһң(JSON)',
  `error_message` text COLLATE utf8mb4_unicode_ci COMMENT 'й”ҷиҜҜдҝЎжҒҜ',
  `started_at` datetime DEFAULT NULL COMMENT 'ејҖе§Ӣж—¶й—ҙ',
  `finished_at` datetime DEFAULT NULL COMMENT 'з»“жқҹж—¶й—ҙ',
  `created_at` datetime NOT NULL COMMENT 'еҲӣе»әж—¶й—ҙ',
  `updated_at` datetime NOT NULL COMMENT 'жӣҙж–°ж—¶й—ҙ',
  `deleted_at` datetime DEFAULT NULL COMMENT 'иҪҜеҲ йҷӨж—¶й—ҙ',
  PRIMARY KEY (`id`),
  KEY `idx_workflow_stage` (`workflow_run_id`,`stage_type`,`stage_no`),
  KEY `idx_workflow_status` (`workflow_run_id`,`status`)
) ENGINE=InnoDB DEFAULT CHARSET=utf8mb4 COLLATE=utf8mb4_unicode_ci COMMENT='йҳ¶ж®өиҝҗиЎҢе®һдҫӢ';
/*!40101 SET character_set_client = @saved_cs_client */;
DROP TABLE IF EXISTS `mvp_stage_task`;
/*!40101 SET @saved_cs_client     = @@character_set_client */;
/*!50503 SET character_set_client = utf8mb4 */;
CREATE TABLE `mvp_stage_task` (
  `id` bigint unsigned NOT NULL COMMENT 'йӣӘиҠұID',
  `stage_run_id` bigint unsigned NOT NULL COMMENT 'жүҖеұһйҳ¶ж®өиҝҗиЎҢID',
  `task_type` varchar(32) COLLATE utf8mb4_unicode_ci NOT NULL COMMENT 'д»»еҠЎзұ»еһӢ: precheck/auditor_review/coordinator_optimize/review_summary',
  `role_type` varchar(32) COLLATE utf8mb4_unicode_ci NOT NULL COMMENT 'жү§иЎҢи§’иүІ',
  `status` varchar(32) COLLATE utf8mb4_unicode_ci NOT NULL COMMENT 'зҠ¶жҖҒ: pending/running/completed/failed/skipped',
  `input_payload` json DEFAULT NULL COMMENT 'иҫ“е…ҘиҪҪиҚ·(JSON)',
  `output_payload` json DEFAULT NULL COMMENT 'иҫ“еҮәиҪҪиҚ·(JSON)',
  `error_message` text COLLATE utf8mb4_unicode_ci COMMENT 'й”ҷиҜҜдҝЎжҒҜ',
  `started_at` datetime DEFAULT NULL COMMENT 'ејҖе§Ӣж—¶й—ҙ',
  `completed_at` datetime DEFAULT NULL COMMENT 'е®ҢжҲҗж—¶й—ҙ',
  `created_at` datetime NOT NULL COMMENT 'еҲӣе»әж—¶й—ҙ',
  `updated_at` datetime NOT NULL COMMENT 'жӣҙж–°ж—¶й—ҙ',
  `deleted_at` datetime DEFAULT NULL COMMENT 'иҪҜеҲ йҷӨж—¶й—ҙ',
  PRIMARY KEY (`id`),
  KEY `idx_stage_type` (`stage_run_id`,`task_type`,`status`)
) ENGINE=InnoDB DEFAULT CHARSET=utf8mb4 COLLATE=utf8mb4_unicode_ci COMMENT='йҳ¶ж®өд»»еҠЎ';
/*!40101 SET character_set_client = @saved_cs_client */;
DROP TABLE IF EXISTS `mvp_task`;
/*!40101 SET @saved_cs_client     = @@character_set_client */;
/*!50503 SET character_set_client = utf8mb4 */;
CREATE TABLE `mvp_task` (
  `id` bigint unsigned NOT NULL COMMENT 'йӣӘиҠұID',
  `project_id` bigint unsigned NOT NULL COMMENT 'йЎ№зӣ®ID',
  `parent_id` bigint unsigned NOT NULL DEFAULT '0' COMMENT 'зҲ¶д»»еҠЎIDпјҢ0=йЎ¶зә§',
  `name` varchar(500) CHARACTER SET utf8mb4 COLLATE utf8mb4_unicode_ci NOT NULL COMMENT 'д»»еҠЎеҗҚз§°',
  `description` text CHARACTER SET utf8mb4 COLLATE utf8mb4_unicode_ci COMMENT 'д»»еҠЎжҸҸиҝ°',
  `role_type` varchar(20) CHARACTER SET utf8mb4 COLLATE utf8mb4_unicode_ci NOT NULL COMMENT 'и§’иүІзұ»еһӢпјҡarchitect/implementer/auditor/coordinator',
  `role_level` varchar(10) CHARACTER SET utf8mb4 COLLATE utf8mb4_unicode_ci DEFAULT NULL COMMENT 'и§’иүІзӯүзә§пјҡlite/pro/max',
  `task_kind` varchar(32) COLLATE utf8mb4_unicode_ci DEFAULT NULL COMMENT 'д»»еҠЎи®°еҪ•зұ»еһӢпјҡimplement/audit/bug_analysis/failure_analysis',
  `source_task_id` bigint unsigned DEFAULT NULL COMMENT 'зӣҙжҺҘжқҘжәҗд»»еҠЎIDпјҢеҺҹе§Ӣд»»еҠЎдёәNULL',
  `root_task_id` bigint unsigned DEFAULT NULL COMMENT 'жүҖеұһдё»й“ҫж №д»»еҠЎID',
  `model_id` bigint unsigned DEFAULT NULL COMMENT 'дҪҝз”Ёзҡ„AIжЁЎеһӢID',
  `conversation_id` bigint DEFAULT NULL COMMENT 'д»»еҠЎеҜ№иҜқIDпјҢз”ЁдәҺжЈҖжөӢд»»еҠЎзҠ¶жҖҒ',
  `status` varchar(20) COLLATE utf8mb4_unicode_ci NOT NULL DEFAULT 'pending' COMMENT 'д»»еҠЎзҠ¶жҖҒ: draft/pending/running/completed/failed/escalated/auditing/bug_found/bug_dispatched/submit_error',
  `sort` int NOT NULL DEFAULT '0' COMMENT 'жҺ’еәҸ',
  `batch_no` int NOT NULL DEFAULT '0' COMMENT 'жү§иЎҢжү№ж¬ЎеҸ·пјҢеҗҢжү№ж¬ЎеҶ…еҸҜе№¶иЎҢпјҢжү№ж¬Ўй—ҙдёІиЎҢ',
  `affected_resources` json DEFAULT NULL COMMENT 'ж¶үеҸҠзҡ„иө„жәҗиҢғеӣҙпјҲж–Үд»¶/жЁЎеқ—пјүпјҢз”ЁдәҺе№¶еҸ‘еҶІзӘҒжЈҖжөӢ',
  `locked_resources` json DEFAULT NULL COMMENT 'д»»еҠЎжҢҒжңүзҡ„иө„жәҗй”ҒпјҲJSONж•°з»„пјҢжҢҒд№…еҢ–йҳІжі„йңІпјү',
  `heartbeat_at` datetime DEFAULT NULL COMMENT 'жңҖиҝ‘еҝғи·іж—¶й—ҙпјҲжү§иЎҢеҷЁе®ҡжңҹжӣҙж–°пјҢзңӢй—ЁзӢ—жЈҖжөӢи¶…ж—¶пјү',
  `depends_on` json DEFAULT NULL COMMENT 'дҫқиө–зҡ„д»»еҠЎIDеҲ—иЎЁ',
  `result` longtext CHARACTER SET utf8mb4 COLLATE utf8mb4_unicode_ci COMMENT 'д»»еҠЎжү§иЎҢз»“жһң',
  `context_summary` text CHARACTER SET utf8mb4 COLLATE utf8mb4_unicode_ci COMMENT 'д»»еҠЎе®ҢжҲҗеҗҺзҡ„дёҠдёӢж–ҮеҺӢзј©ж‘ҳиҰҒпјҢдҫӣеҗҺз»ӯAIиҜ»еҸ–',
  `error_message` text CHARACTER SET utf8mb4 COLLATE utf8mb4_unicode_ci COMMENT 'й”ҷиҜҜдҝЎжҒҜ',
  `started_at` datetime DEFAULT NULL COMMENT 'ејҖе§Ӣж—¶й—ҙ',
  `completed_at` datetime DEFAULT NULL COMMENT 'е®ҢжҲҗж—¶й—ҙ',
  `created_by` bigint unsigned DEFAULT NULL COMMENT 'еҲӣе»әдәәID',
  `dept_id` bigint unsigned DEFAULT NULL COMMENT 'жүҖеұһйғЁй—ЁID',
  `created_at` datetime DEFAULT NULL COMMENT 'еҲӣе»әж—¶й—ҙ',
  `updated_at` datetime DEFAULT NULL COMMENT 'жӣҙж–°ж—¶й—ҙ',
  `deleted_at` datetime DEFAULT NULL COMMENT 'иҪҜеҲ йҷӨж—¶й—ҙ',
  PRIMARY KEY (`id`),
  KEY `idx_parent` (`parent_id`),
  KEY `idx_status` (`status`),
  KEY `idx_batch` (`project_id`,`batch_no`),
  KEY `idx_deleted_at` (`deleted_at`),
  KEY `idx_conversation_id` (`conversation_id`),
  KEY `idx_project_batch_status` (`project_id`,`batch_no`,`status`),
  KEY `idx_project_status` (`project_id`,`status`),
  KEY `idx_root_task` (`root_task_id`),
  KEY `idx_source_task` (`source_task_id`),
  KEY `idx_project_kind` (`project_id`,`task_kind`)
) ENGINE=InnoDB DEFAULT CHARSET=utf8mb4 COLLATE=utf8mb4_unicode_ci COMMENT='MVPд»»еҠЎиЎЁ';
/*!40101 SET character_set_client = @saved_cs_client */;
DROP TABLE IF EXISTS `mvp_task_blueprint`;
/*!40101 SET @saved_cs_client     = @@character_set_client */;
/*!50503 SET character_set_client = utf8mb4 */;
CREATE TABLE `mvp_task_blueprint` (
  `id` bigint unsigned NOT NULL COMMENT 'йӣӘиҠұID',
  `plan_version_id` bigint unsigned NOT NULL COMMENT 'жүҖеұһи®ЎеҲ’зүҲжң¬ID',
  `parent_blueprint_id` bigint unsigned DEFAULT NULL COMMENT 'зҲ¶и“қеӣҫID(ж”ҜжҢҒеұӮзә§)',
  `name` varchar(255) COLLATE utf8mb4_unicode_ci NOT NULL COMMENT 'д»»еҠЎеҗҚз§°',
  `description` text COLLATE utf8mb4_unicode_ci NOT NULL COMMENT 'д»»еҠЎжҸҸиҝ°',
  `role_type` varchar(32) COLLATE utf8mb4_unicode_ci NOT NULL COMMENT 'и§’иүІзұ»еһӢ: architect/implementer/auditor/coordinator',
  `role_level` varchar(32) COLLATE utf8mb4_unicode_ci NOT NULL COMMENT 'и§’иүІзӯүзә§: lite/pro/max',
  `batch_no` int NOT NULL COMMENT 'жү№ж¬ЎеҸ·',
  `sort` int NOT NULL DEFAULT '0' COMMENT 'жҺ’еәҸ',
  `affected_resources` json DEFAULT NULL COMMENT 'еҪұе“Қиө„жәҗеҲ—иЎЁ(JSON)',
  `depends_on_blueprint_ids` json DEFAULT NULL COMMENT 'дҫқиө–и“қеӣҫIDеҲ—иЎЁ(JSON)',
  `blueprint_status` varchar(32) COLLATE utf8mb4_unicode_ci NOT NULL COMMENT 'и“қеӣҫзҠ¶жҖҒ: draft/confirmed/superseded',
  `created_at` datetime NOT NULL COMMENT 'еҲӣе»әж—¶й—ҙ',
  `updated_at` datetime NOT NULL COMMENT 'жӣҙж–°ж—¶й—ҙ',
  `deleted_at` datetime DEFAULT NULL COMMENT 'иҪҜеҲ йҷӨж—¶й—ҙ',
  `created_by` bigint NOT NULL DEFAULT '0' COMMENT 'еҲӣе»әдәәID',
  `dept_id` bigint NOT NULL DEFAULT '0' COMMENT 'йғЁй—ЁID',
  PRIMARY KEY (`id`),
  KEY `idx_plan_batch` (`plan_version_id`,`batch_no`,`sort`),
  KEY `idx_plan_status` (`plan_version_id`,`blueprint_status`)
) ENGINE=InnoDB DEFAULT CHARSET=utf8mb4 COLLATE=utf8mb4_unicode_ci COMMENT='д»»еҠЎи“қеӣҫ';
/*!40101 SET character_set_client = @saved_cs_client */;
DROP TABLE IF EXISTS `mvp_task_dependency`;
/*!40101 SET @saved_cs_client     = @@character_set_client */;
/*!50503 SET character_set_client = utf8mb4 */;
CREATE TABLE `mvp_task_dependency` (
  `id` bigint unsigned NOT NULL AUTO_INCREMENT COMMENT 'иҮӘеўһID',
  `task_id` bigint unsigned NOT NULL COMMENT 'д»»еҠЎID',
  `depends_on_id` bigint unsigned NOT NULL COMMENT 'дҫқиө–зҡ„д»»еҠЎID',
  PRIMARY KEY (`id`),
  UNIQUE KEY `uk_dep` (`task_id`,`depends_on_id`),
  KEY `idx_depends` (`depends_on_id`)
) ENGINE=InnoDB AUTO_INCREMENT=215 DEFAULT CHARSET=utf8mb4 COLLATE=utf8mb4_unicode_ci COMMENT='д»»еҠЎдҫқиө–е…ізі»иЎЁ';
/*!40101 SET character_set_client = @saved_cs_client */;
DROP TABLE IF EXISTS `mvp_task_log`;
/*!40101 SET @saved_cs_client     = @@character_set_client */;
/*!50503 SET character_set_client = utf8mb4 */;
CREATE TABLE `mvp_task_log` (
  `id` bigint unsigned NOT NULL AUTO_INCREMENT COMMENT 'иҮӘеўһID',
  `task_id` bigint unsigned NOT NULL COMMENT 'д»»еҠЎID',
  `action` varchar(50) CHARACTER SET utf8mb4 COLLATE utf8mb4_unicode_ci NOT NULL COMMENT 'еҠЁдҪңпјҡstarted/completed/failed/bug_found/reassigned',
  `from_status` varchar(20) CHARACTER SET utf8mb4 COLLATE utf8mb4_unicode_ci DEFAULT NULL COMMENT 'еҺҹзҠ¶жҖҒ',
  `to_status` varchar(20) CHARACTER SET utf8mb4 COLLATE utf8mb4_unicode_ci DEFAULT NULL COMMENT 'ж–°зҠ¶жҖҒ',
  `message` text CHARACTER SET utf8mb4 COLLATE utf8mb4_unicode_ci COMMENT 'ж—Ҙеҝ—еҶ…е®№',
  `operator` varchar(50) CHARACTER SET utf8mb4 COLLATE utf8mb4_unicode_ci DEFAULT NULL COMMENT 'ж“ҚдҪңиҖ…пјҡuser/architect/coordinator/system',
  `created_at` datetime DEFAULT NULL COMMENT 'еҲӣе»әж—¶й—ҙ',
  `updated_at` datetime DEFAULT NULL COMMENT 'жӣҙж–°ж—¶й—ҙ',
  `deleted_at` datetime DEFAULT NULL COMMENT 'иҪҜеҲ йҷӨж—¶й—ҙ',
  PRIMARY KEY (`id`),
  KEY `idx_task` (`task_id`),
  KEY `idx_deleted_at` (`deleted_at`)
) ENGINE=InnoDB AUTO_INCREMENT=134 DEFAULT CHARSET=utf8mb4 COLLATE=utf8mb4_unicode_ci COMMENT='д»»еҠЎж—Ҙеҝ—иЎЁ';
/*!40101 SET character_set_client = @saved_cs_client */;
DROP TABLE IF EXISTS `mvp_task_resource_lock`;
/*!40101 SET @saved_cs_client     = @@character_set_client */;
/*!50503 SET character_set_client = utf8mb4 */;
CREATE TABLE `mvp_task_resource_lock` (
  `id` bigint unsigned NOT NULL COMMENT 'йӣӘиҠұID',
  `workflow_run_id` bigint unsigned NOT NULL COMMENT 'жүҖеұһе·ҘдҪңжөҒиҝҗиЎҢID',
  `task_id` bigint unsigned NOT NULL COMMENT 'жҢҒй”Ғд»»еҠЎID',
  `resource_path` varchar(500) COLLATE utf8mb4_unicode_ci NOT NULL COMMENT 'иө„жәҗи·Ҝеҫ„',
  `lock_status` varchar(32) COLLATE utf8mb4_unicode_ci NOT NULL COMMENT 'й”ҒзҠ¶жҖҒ: held/released/leaked',
  `locked_at` datetime DEFAULT NULL COMMENT 'еҠ й”Ғж—¶й—ҙ',
  `released_at` datetime DEFAULT NULL COMMENT 'йҮҠж”ҫж—¶й—ҙ',
  PRIMARY KEY (`id`),
  UNIQUE KEY `uk_task_resource` (`task_id`,`resource_path`),
  KEY `idx_workflow_resource` (`workflow_run_id`,`resource_path`,`lock_status`)
) ENGINE=InnoDB DEFAULT CHARSET=utf8mb4 COLLATE=utf8mb4_unicode_ci COMMENT='д»»еҠЎиө„жәҗй”Ғ';
/*!40101 SET character_set_client = @saved_cs_client */;
DROP TABLE IF EXISTS `mvp_task_workspace`;
/*!40101 SET @saved_cs_client     = @@character_set_client */;
/*!50503 SET character_set_client = utf8mb4 */;
CREATE TABLE `mvp_task_workspace` (
  `id` bigint unsigned NOT NULL COMMENT 'йӣӘиҠұID',
  `task_id` bigint unsigned NOT NULL COMMENT 'д»»еҠЎID(domain_taskжҲ–mvp_task)',
  `workflow_run_id` bigint unsigned DEFAULT NULL COMMENT 'жүҖеұһе·ҘдҪңжөҒиҝҗиЎҢID',
  `project_id` bigint unsigned NOT NULL COMMENT 'йЎ№зӣ®ID',
  `workspace_type` varchar(32) COLLATE utf8mb4_unicode_ci NOT NULL DEFAULT 'git_worktree' COMMENT 'е·ҘдҪңз©әй—ҙзұ»еһӢ: git_worktree',
  `workspace_path` varchar(500) COLLATE utf8mb4_unicode_ci NOT NULL COMMENT 'е·ҘдҪңз©әй—ҙз»қеҜ№и·Ҝеҫ„',
  `base_ref` varchar(255) COLLATE utf8mb4_unicode_ci DEFAULT NULL COMMENT 'еҹәзәҝеј•з”Ё(commit hash/branch)',
  `status` varchar(32) COLLATE utf8mb4_unicode_ci NOT NULL DEFAULT 'creating' COMMENT 'зҠ¶жҖҒ: creating/ready/running/completed/failed/canceled',
  `cleanup_status` varchar(32) COLLATE utf8mb4_unicode_ci NOT NULL DEFAULT 'pending' COMMENT 'жё…зҗҶзҠ¶жҖҒ: pending/done/retained/failed',
  `diff_summary` longtext COLLATE utf8mb4_unicode_ci COMMENT 'еҸҳжӣҙж‘ҳиҰҒ(diffз»ҹи®Ў)',
  `error_message` text COLLATE utf8mb4_unicode_ci COMMENT 'й”ҷиҜҜдҝЎжҒҜ',
  `created_at` datetime NOT NULL COMMENT 'еҲӣе»әж—¶й—ҙ',
  `updated_at` datetime NOT NULL COMMENT 'жӣҙж–°ж—¶й—ҙ',
  `deleted_at` datetime DEFAULT NULL COMMENT 'иҪҜеҲ йҷӨж—¶й—ҙ',
  PRIMARY KEY (`id`),
  UNIQUE KEY `uk_task` (`task_id`),
  KEY `idx_project_status` (`project_id`,`status`),
  KEY `idx_workflow` (`workflow_run_id`),
  KEY `idx_cleanup` (`cleanup_status`)
) ENGINE=InnoDB DEFAULT CHARSET=utf8mb4 COLLATE=utf8mb4_unicode_ci COMMENT='д»»еҠЎе·ҘдҪңз©әй—ҙ(Git Worktreeйҡ”зҰ»)';
/*!40101 SET character_set_client = @saved_cs_client */;
DROP TABLE IF EXISTS `mvp_user_collab_binding`;
/*!40101 SET @saved_cs_client     = @@character_set_client */;
/*!50503 SET character_set_client = utf8mb4 */;
CREATE TABLE `mvp_user_collab_binding` (
  `id` bigint unsigned NOT NULL COMMENT 'йӣӘиҠұID',
  `user_id` bigint unsigned NOT NULL COMMENT 'е…іиҒ” system_users.id',
  `platform` varchar(32) COLLATE utf8mb4_general_ci NOT NULL DEFAULT 'feishu' COMMENT 'е№іеҸ°: feishu/dingtalk/wecom',
  `platform_user_id` varchar(128) COLLATE utf8mb4_general_ci NOT NULL COMMENT 'е№іеҸ°з”ЁжҲ·ж ҮиҜҶ(йЈһд№Ұ open_id)',
  `platform_name` varchar(128) COLLATE utf8mb4_general_ci DEFAULT NULL COMMENT 'е№іеҸ°жҳҫзӨәеҗҚ',
  `created_by` bigint unsigned NOT NULL DEFAULT '0',
  `dept_id` bigint unsigned NOT NULL DEFAULT '0',
  `created_at` datetime DEFAULT NULL,
  `updated_at` datetime DEFAULT NULL,
  `deleted_at` datetime DEFAULT NULL,
  PRIMARY KEY (`id`),
  UNIQUE KEY `uk_user_platform` (`user_id`,`platform`),
  KEY `idx_platform_user` (`platform`,`platform_user_id`),
  KEY `idx_deleted_at` (`deleted_at`)
) ENGINE=InnoDB DEFAULT CHARSET=utf8mb4 COLLATE=utf8mb4_general_ci COMMENT='з”ЁжҲ·еҚҸдҪңе№іеҸ°з»‘е®ҡ';
/*!40101 SET character_set_client = @saved_cs_client */;
DROP TABLE IF EXISTS `mvp_workflow_event`;
/*!40101 SET @saved_cs_client     = @@character_set_client */;
/*!50503 SET character_set_client = utf8mb4 */;
CREATE TABLE `mvp_workflow_event` (
  `id` bigint unsigned NOT NULL COMMENT 'йӣӘиҠұID',
  `workflow_run_id` bigint unsigned NOT NULL COMMENT 'жүҖеұһе·ҘдҪңжөҒиҝҗиЎҢID',
  `stage_run_id` bigint unsigned DEFAULT NULL COMMENT 'е…іиҒ”йҳ¶ж®өиҝҗиЎҢID',
  `entity_type` varchar(32) COLLATE utf8mb4_unicode_ci NOT NULL COMMENT 'е®һдҪ“зұ»еһӢ: workflow_run/stage_run/plan_version/domain_task/review_issue',
  `entity_id` bigint unsigned DEFAULT NULL COMMENT 'е®һдҪ“ID',
  `event_type` varchar(64) COLLATE utf8mb4_unicode_ci NOT NULL COMMENT 'дәӢд»¶зұ»еһӢ: workflow.created/stage.started/task.completedзӯү',
  `payload` json DEFAULT NULL COMMENT 'дәӢд»¶иҪҪиҚ·(JSON)',
  `created_at` datetime NOT NULL COMMENT 'еҲӣе»әж—¶й—ҙ',
  PRIMARY KEY (`id`),
  KEY `idx_workflow_event` (`workflow_run_id`,`created_at`),
  KEY `idx_entity_event` (`entity_type`,`entity_id`,`created_at`)
) ENGINE=InnoDB DEFAULT CHARSET=utf8mb4 COLLATE=utf8mb4_unicode_ci COMMENT='е·ҘдҪңжөҒдәӢд»¶';
/*!40101 SET character_set_client = @saved_cs_client */;
DROP TABLE IF EXISTS `mvp_workflow_run`;
/*!40101 SET @saved_cs_client     = @@character_set_client */;
/*!50503 SET character_set_client = utf8mb4 */;
CREATE TABLE `mvp_workflow_run` (
  `id` bigint unsigned NOT NULL COMMENT 'йӣӘиҠұID',
  `project_id` bigint unsigned NOT NULL COMMENT 'жүҖеұһйЎ№зӣ®ID',
  `run_no` int NOT NULL COMMENT 'йЎ№зӣ®еҶ…иҝҗиЎҢеәҸеҸ·(д»Һ1йҖ’еўһ)',
  `status` varchar(32) COLLATE utf8mb4_unicode_ci NOT NULL COMMENT 'зҠ¶жҖҒ: designing/reviewing/executing/reworking/paused/completed/failed/canceled',
  `current_stage` varchar(32) COLLATE utf8mb4_unicode_ci NOT NULL COMMENT 'еҪ“еүҚйҳ¶ж®ө: design/review/execute/rework/complete',
  `current_stage_run_id` bigint unsigned DEFAULT NULL COMMENT 'еҪ“еүҚйҳ¶ж®өиҝҗиЎҢID',
  `active_plan_version_id` bigint unsigned DEFAULT NULL COMMENT 'еҪ“еүҚжҙ»и·ғи®ЎеҲ’зүҲжң¬ID',
  `pause_reason` varchar(500) COLLATE utf8mb4_unicode_ci DEFAULT NULL COMMENT 'жҡӮеҒңеҺҹеӣ ',
  `status_before_pause` varchar(32) COLLATE utf8mb4_unicode_ci DEFAULT NULL COMMENT 'жҡӮеҒңеүҚзҡ„йҳ¶ж®өзҠ¶жҖҒпјҲжҒўеӨҚж—¶еӣһйҖҖпјү',
  `cancel_reason` varchar(500) COLLATE utf8mb4_unicode_ci DEFAULT NULL COMMENT 'еҸ–ж¶ҲеҺҹеӣ ',
  `runtime_token` varchar(64) COLLATE utf8mb4_unicode_ci DEFAULT NULL COMMENT 'иҝҗиЎҢж—¶д»ӨзүҢ(йҳІйҮҚе…Ҙ)',
  `started_at` datetime DEFAULT NULL COMMENT 'ејҖе§Ӣж—¶й—ҙ',
  `finished_at` datetime DEFAULT NULL COMMENT 'з»“жқҹж—¶й—ҙ',
  `created_by` bigint unsigned DEFAULT '0' COMMENT 'еҲӣе»әдәәID',
  `dept_id` bigint unsigned DEFAULT '0' COMMENT 'жүҖеұһйғЁй—ЁID',
  `created_at` datetime NOT NULL COMMENT 'еҲӣе»әж—¶й—ҙ',
  `updated_at` datetime NOT NULL COMMENT 'жӣҙж–°ж—¶й—ҙ',
  `deleted_at` datetime DEFAULT NULL COMMENT 'иҪҜеҲ йҷӨж—¶й—ҙ',
  PRIMARY KEY (`id`),
  UNIQUE KEY `uk_project_run_no` (`project_id`,`run_no`),
  KEY `idx_project_status` (`project_id`,`status`)
) ENGINE=InnoDB DEFAULT CHARSET=utf8mb4 COLLATE=utf8mb4_unicode_ci COMMENT='е·ҘдҪңжөҒиҝҗиЎҢе®һдҫӢ';
/*!40101 SET character_set_client = @saved_cs_client */;
DROP TABLE IF EXISTS `system_dept`;
/*!40101 SET @saved_cs_client     = @@character_set_client */;
/*!50503 SET character_set_client = utf8mb4 */;
CREATE TABLE `system_dept` (
  `id` bigint unsigned NOT NULL COMMENT 'йғЁй—ЁIDпјҲSnowflakeпјү',
  `parent_id` bigint unsigned NOT NULL DEFAULT '0' COMMENT 'дёҠзә§йғЁй—ЁIDпјҢ0 иЎЁзӨәйЎ¶зә§йғЁй—Ё',
  `title` varchar(50) CHARACTER SET utf8mb4 COLLATE utf8mb4_unicode_ci NOT NULL COMMENT 'йғЁй—ЁеҗҚз§°',
  `username` varchar(50) CHARACTER SET utf8mb4 COLLATE utf8mb4_unicode_ci DEFAULT NULL COMMENT 'йғЁй—ЁиҙҹиҙЈдәәе§“еҗҚ',
  `email` varchar(100) CHARACTER SET utf8mb4 COLLATE utf8mb4_unicode_ci DEFAULT NULL COMMENT 'иҙҹиҙЈдәәйӮ®з®ұ',
  `sort` int NOT NULL DEFAULT '0' COMMENT 'жҺ’еәҸпјҲеҚҮеәҸпјү',
  `status` tinyint(1) NOT NULL DEFAULT '1' COMMENT 'зҠ¶жҖҒ:0=е…ій—ӯ,1=ејҖеҗҜ',
  `created_by` bigint unsigned DEFAULT NULL COMMENT 'еҲӣе»әдәәID',
  `dept_id` bigint unsigned DEFAULT NULL COMMENT 'жүҖеұһйғЁй—ЁID',
  `created_at` datetime DEFAULT NULL COMMENT 'еҲӣе»әж—¶й—ҙ',
  `updated_at` datetime DEFAULT NULL COMMENT 'жӣҙж–°ж—¶й—ҙ',
  `deleted_at` datetime DEFAULT NULL COMMENT 'иҪҜеҲ йҷӨж—¶й—ҙпјҢйқһ NULL иЎЁзӨәе·ІеҲ йҷӨ',
  PRIMARY KEY (`id`),
  KEY `idx_parent_id` (`parent_id`),
  KEY `idx_deleted_at` (`deleted_at`)
) ENGINE=InnoDB DEFAULT CHARSET=utf8mb4 COLLATE=utf8mb4_unicode_ci COMMENT='йғЁй—ЁиЎЁ';
/*!40101 SET character_set_client = @saved_cs_client */;
DROP TABLE IF EXISTS `system_menu`;
/*!40101 SET @saved_cs_client     = @@character_set_client */;
/*!50503 SET character_set_client = utf8mb4 */;
CREATE TABLE `system_menu` (
  `id` bigint unsigned NOT NULL COMMENT 'иҸңеҚ•IDпјҲSnowflakeпјү',
  `parent_id` bigint unsigned NOT NULL DEFAULT '0' COMMENT 'дёҠзә§иҸңеҚ•IDпјҢ0 иЎЁзӨәйЎ¶зә§иҸңеҚ•',
  `title` varchar(50) CHARACTER SET utf8mb4 COLLATE utf8mb4_unicode_ci NOT NULL COMMENT 'иҸңеҚ•еҗҚз§°',
  `type` tinyint NOT NULL DEFAULT '1' COMMENT 'зұ»еһӢ:1=зӣ®еҪ•,2=иҸңеҚ•,3=жҢүй’®,4=еӨ–й“ҫ,5=еҶ…й“ҫ',
  `path` varchar(200) CHARACTER SET utf8mb4 COLLATE utf8mb4_unicode_ci DEFAULT NULL COMMENT 'еүҚз«Ҝи·Ҝз”ұи·Ҝеҫ„',
  `component` varchar(200) CHARACTER SET utf8mb4 COLLATE utf8mb4_unicode_ci DEFAULT NULL COMMENT 'еүҚз«Ҝз»„д»¶и·Ҝеҫ„',
  `permission` varchar(100) CHARACTER SET utf8mb4 COLLATE utf8mb4_unicode_ci DEFAULT NULL COMMENT 'жқғйҷҗж ҮиҜҶпјҲеҰӮ system:dept:listпјү',
  `icon` varchar(100) CHARACTER SET utf8mb4 COLLATE utf8mb4_unicode_ci DEFAULT NULL COMMENT 'иҸңеҚ•еӣҫж ҮпјҲеӣҫж ҮеҗҚз§°пјү',
  `sort` int NOT NULL DEFAULT '0' COMMENT 'жҺ’еәҸпјҲеҚҮеәҸпјү',
  `is_show` tinyint(1) NOT NULL DEFAULT '1' COMMENT 'жҳҜеҗҰжҳҫзӨә:0=йҡҗи—Ҹ,1=жҳҫзӨә',
  `is_cache` tinyint(1) NOT NULL DEFAULT '0' COMMENT 'жҳҜеҗҰзј“еӯҳ:0=дёҚзј“еӯҳ,1=зј“еӯҳ',
  `link_url` varchar(500) CHARACTER SET utf8mb4 COLLATE utf8mb4_unicode_ci DEFAULT NULL COMMENT 'еӨ–й“ҫ/еҶ…й“ҫең°еқҖпјҲtype=4жҲ–5ж—¶жңүж•Ҳпјү',
  `status` tinyint(1) NOT NULL DEFAULT '1' COMMENT 'зҠ¶жҖҒ:0=е…ій—ӯ,1=ејҖеҗҜ',
  `created_by` bigint unsigned DEFAULT NULL COMMENT 'еҲӣе»әдәәID',
  `dept_id` bigint unsigned DEFAULT NULL COMMENT 'жүҖеұһйғЁй—ЁID',
  `created_at` datetime DEFAULT NULL COMMENT 'еҲӣе»әж—¶й—ҙ',
  `updated_at` datetime DEFAULT NULL COMMENT 'жӣҙж–°ж—¶й—ҙ',
  `deleted_at` datetime DEFAULT NULL COMMENT 'иҪҜеҲ йҷӨж—¶й—ҙпјҢйқһ NULL иЎЁзӨәе·ІеҲ йҷӨ',
  PRIMARY KEY (`id`),
  KEY `idx_parent_id` (`parent_id`),
  KEY `idx_deleted_at` (`deleted_at`)
) ENGINE=InnoDB DEFAULT CHARSET=utf8mb4 COLLATE=utf8mb4_unicode_ci COMMENT='иҸңеҚ•иЎЁ';
/*!40101 SET character_set_client = @saved_cs_client */;
DROP TABLE IF EXISTS `system_role`;
/*!40101 SET @saved_cs_client     = @@character_set_client */;
/*!50503 SET character_set_client = utf8mb4 */;
CREATE TABLE `system_role` (
  `id` bigint unsigned NOT NULL COMMENT 'и§’иүІIDпјҲSnowflakeпјү',
  `parent_id` bigint unsigned NOT NULL DEFAULT '0' COMMENT 'дёҠзә§и§’иүІIDпјҢ0 иЎЁзӨәйЎ¶зә§и§’иүІ',
  `title` varchar(50) CHARACTER SET utf8mb4 COLLATE utf8mb4_unicode_ci NOT NULL COMMENT 'и§’иүІеҗҚз§°',
  `data_scope` tinyint NOT NULL DEFAULT '1' COMMENT 'ж•°жҚ®иҢғеӣҙ:1=е…ЁйғЁ,2=жң¬йғЁй—ЁеҸҠд»ҘдёӢ,3=жң¬йғЁй—Ё,4=д»…жң¬дәә,5=иҮӘе®ҡд№ү',
  `is_admin` tinyint(1) NOT NULL DEFAULT '0',
  `sort` int NOT NULL DEFAULT '0' COMMENT 'жҺ’еәҸпјҲеҚҮеәҸпјү',
  `status` tinyint(1) NOT NULL DEFAULT '1' COMMENT 'зҠ¶жҖҒ:0=е…ій—ӯ,1=ејҖеҗҜ',
  `default_ai_engine` varchar(32) CHARACTER SET utf8mb4 COLLATE utf8mb4_unicode_ci DEFAULT NULL COMMENT 'й»ҳи®ӨAIжү§иЎҢеј•ж“Һ: aider/openhands',
  `created_by` bigint unsigned DEFAULT NULL COMMENT 'еҲӣе»әдәәID',
  `dept_id` bigint unsigned DEFAULT NULL COMMENT 'жүҖеұһйғЁй—ЁID',
  `created_at` datetime DEFAULT NULL COMMENT 'еҲӣе»әж—¶й—ҙ',
  `updated_at` datetime DEFAULT NULL COMMENT 'жӣҙж–°ж—¶й—ҙ',
  `deleted_at` datetime DEFAULT NULL COMMENT 'иҪҜеҲ йҷӨж—¶й—ҙпјҢйқһ NULL иЎЁзӨәе·ІеҲ йҷӨ',
  PRIMARY KEY (`id`),
  KEY `idx_parent_id` (`parent_id`),
  KEY `idx_deleted_at` (`deleted_at`)
) ENGINE=InnoDB DEFAULT CHARSET=utf8mb4 COLLATE=utf8mb4_unicode_ci COMMENT='и§’иүІиЎЁ';
/*!40101 SET character_set_client = @saved_cs_client */;
DROP TABLE IF EXISTS `system_role_ai_engine`;
/*!40101 SET @saved_cs_client     = @@character_set_client */;
/*!50503 SET character_set_client = utf8mb4 */;
CREATE TABLE `system_role_ai_engine` (
  `role_id` bigint unsigned NOT NULL COMMENT 'и§’иүІID',
  `engine_code` varchar(32) CHARACTER SET utf8mb4 COLLATE utf8mb4_unicode_ci NOT NULL COMMENT 'жү§иЎҢеј•ж“Һзј–з Ғ',
  PRIMARY KEY (`role_id`,`engine_code`)
) ENGINE=InnoDB DEFAULT CHARSET=utf8mb4 COLLATE=utf8mb4_unicode_ci COMMENT='и§’иүІAIжү§иЎҢеј•ж“ҺжҺҲжқғиЎЁ';
/*!40101 SET character_set_client = @saved_cs_client */;
DROP TABLE IF EXISTS `system_role_dept`;
/*!40101 SET @saved_cs_client     = @@character_set_client */;
/*!50503 SET character_set_client = utf8mb4 */;
CREATE TABLE `system_role_dept` (
  `role_id` bigint unsigned NOT NULL COMMENT 'и§’иүІID',
  `dept_id` bigint unsigned NOT NULL COMMENT 'йғЁй—ЁID',
  PRIMARY KEY (`role_id`,`dept_id`),
  KEY `idx_dept_id` (`dept_id`)
) ENGINE=InnoDB DEFAULT CHARSET=utf8mb4 COLLATE=utf8mb4_unicode_ci COMMENT='и§’иүІиҮӘе®ҡд№үж•°жҚ®жқғйҷҗйғЁй—Ёе…іиҒ”иЎЁ';
/*!40101 SET character_set_client = @saved_cs_client */;
DROP TABLE IF EXISTS `system_role_menu`;
/*!40101 SET @saved_cs_client     = @@character_set_client */;
/*!50503 SET character_set_client = utf8mb4 */;
CREATE TABLE `system_role_menu` (
  `role_id` bigint unsigned NOT NULL COMMENT 'и§’иүІID',
  `menu_id` bigint unsigned NOT NULL COMMENT 'иҸңеҚ•ID',
  PRIMARY KEY (`role_id`,`menu_id`),
  KEY `idx_menu_id` (`menu_id`)
) ENGINE=InnoDB DEFAULT CHARSET=utf8mb4 COLLATE=utf8mb4_unicode_ci COMMENT='и§’иүІиҸңеҚ•жқғйҷҗе…іиҒ”иЎЁ';
/*!40101 SET character_set_client = @saved_cs_client */;
DROP TABLE IF EXISTS `system_user_dept`;
/*!40101 SET @saved_cs_client     = @@character_set_client */;
/*!50503 SET character_set_client = utf8mb4 */;
CREATE TABLE `system_user_dept` (
  `user_id` bigint unsigned NOT NULL COMMENT 'з”ЁжҲ·ID',
  `dept_id` bigint unsigned NOT NULL COMMENT 'йғЁй—ЁID',
  PRIMARY KEY (`user_id`,`dept_id`),
  KEY `idx_dept_id` (`dept_id`)
) ENGINE=InnoDB DEFAULT CHARSET=utf8mb4 COLLATE=utf8mb4_unicode_ci COMMENT='з”ЁжҲ·йғЁй—Ёе…іиҒ”иЎЁ';
/*!40101 SET character_set_client = @saved_cs_client */;
DROP TABLE IF EXISTS `system_user_role`;
/*!40101 SET @saved_cs_client     = @@character_set_client */;
/*!50503 SET character_set_client = utf8mb4 */;
CREATE TABLE `system_user_role` (
  `user_id` bigint unsigned NOT NULL COMMENT 'з”ЁжҲ·ID',
  `role_id` bigint unsigned NOT NULL COMMENT 'и§’иүІID',
  PRIMARY KEY (`user_id`,`role_id`),
  KEY `idx_role_id` (`role_id`)
) ENGINE=InnoDB DEFAULT CHARSET=utf8mb4 COLLATE=utf8mb4_unicode_ci COMMENT='з”ЁжҲ·и§’иүІе…іиҒ”иЎЁ';
/*!40101 SET character_set_client = @saved_cs_client */;
DROP TABLE IF EXISTS `system_users`;
/*!40101 SET @saved_cs_client     = @@character_set_client */;
/*!50503 SET character_set_client = utf8mb4 */;
CREATE TABLE `system_users` (
  `id` bigint unsigned NOT NULL COMMENT 'з”ЁжҲ·IDпјҲSnowflakeпјү',
  `username` varchar(50) CHARACTER SET utf8mb4 COLLATE utf8mb4_unicode_ci NOT NULL COMMENT 'зҷ»еҪ•з”ЁжҲ·еҗҚ',
  `password` varchar(255) CHARACTER SET utf8mb4 COLLATE utf8mb4_unicode_ci NOT NULL COMMENT 'еҜҶз ҒпјҲSHA-256 еҠ еҜҶпјү',
  `nickname` varchar(50) CHARACTER SET utf8mb4 COLLATE utf8mb4_unicode_ci DEFAULT NULL COMMENT 'жҳөз§°/жҳҫзӨәеҗҚ',
  `email` varchar(100) CHARACTER SET utf8mb4 COLLATE utf8mb4_unicode_ci DEFAULT NULL COMMENT 'йӮ®з®ұең°еқҖ',
  `avatar` varchar(500) CHARACTER SET utf8mb4 COLLATE utf8mb4_unicode_ci DEFAULT NULL COMMENT 'еӨҙеғҸеӣҫзүҮ URL',
  `status` tinyint(1) NOT NULL DEFAULT '1' COMMENT 'зҠ¶жҖҒ:0=е…ій—ӯ,1=ејҖеҗҜ',
  `created_by` bigint unsigned DEFAULT NULL COMMENT 'еҲӣе»әдәәID',
  `dept_id` bigint unsigned DEFAULT NULL COMMENT 'жүҖеұһйғЁй—ЁID',
  `created_at` datetime DEFAULT NULL COMMENT 'еҲӣе»әж—¶й—ҙ',
  `updated_at` datetime DEFAULT NULL COMMENT 'жӣҙж–°ж—¶й—ҙ',
  `deleted_at` datetime DEFAULT NULL COMMENT 'иҪҜеҲ йҷӨж—¶й—ҙпјҢйқһ NULL иЎЁзӨәе·ІеҲ йҷӨ',
  PRIMARY KEY (`id`),
  UNIQUE KEY `uk_username` (`username`),
  KEY `idx_dept_id` (`dept_id`),
  KEY `idx_deleted_at` (`deleted_at`)
) ENGINE=InnoDB DEFAULT CHARSET=utf8mb4 COLLATE=utf8mb4_unicode_ci COMMENT='з”ЁжҲ·иЎЁ';
/*!40101 SET character_set_client = @saved_cs_client */;
/*!40103 SET TIME_ZONE=@OLD_TIME_ZONE */;

/*!40101 SET SQL_MODE=@OLD_SQL_MODE */;
/*!40014 SET FOREIGN_KEY_CHECKS=@OLD_FOREIGN_KEY_CHECKS */;
/*!40014 SET UNIQUE_CHECKS=@OLD_UNIQUE_CHECKS */;
/*!40101 SET CHARACTER_SET_CLIENT=@OLD_CHARACTER_SET_CLIENT */;
/*!40101 SET CHARACTER_SET_RESULTS=@OLD_CHARACTER_SET_RESULTS */;
/*!40101 SET COLLATION_CONNECTION=@OLD_COLLATION_CONNECTION */;
/*!40111 SET SQL_NOTES=@OLD_SQL_NOTES */;

/*!40101 SET @OLD_CHARACTER_SET_CLIENT=@@CHARACTER_SET_CLIENT */;
/*!40101 SET @OLD_CHARACTER_SET_RESULTS=@@CHARACTER_SET_RESULTS */;
/*!40101 SET @OLD_COLLATION_CONNECTION=@@COLLATION_CONNECTION */;
/*!50503 SET NAMES utf8mb4 */;
/*!40103 SET @OLD_TIME_ZONE=@@TIME_ZONE */;
/*!40103 SET TIME_ZONE='+00:00' */;
/*!40014 SET @OLD_UNIQUE_CHECKS=@@UNIQUE_CHECKS, UNIQUE_CHECKS=0 */;
/*!40014 SET @OLD_FOREIGN_KEY_CHECKS=@@FOREIGN_KEY_CHECKS, FOREIGN_KEY_CHECKS=0 */;
/*!40101 SET @OLD_SQL_MODE=@@SQL_MODE, SQL_MODE='NO_AUTO_VALUE_ON_ZERO' */;
/*!40111 SET @OLD_SQL_NOTES=@@SQL_NOTES, SQL_NOTES=0 */;
LOCK TABLES `mvp_config` WRITE;
/*!40000 ALTER TABLE `mvp_config` DISABLE KEYS */;
INSERT INTO `mvp_config` (`id`, `config_key`, `config_value`, `config_type`, `category`, `description`, `created_by`, `dept_id`, `created_at`, `updated_at`, `deleted_at`) VALUES (1,'watchdog.check_interval','120','int','watchdog','еҝғи·іжЈҖжөӢй—ҙйҡ”пјҲз§’пјү',0,0,'2026-04-03 16:31:01','2026-04-03 16:31:01',NULL),(2,'watchdog.max_stale_count','3','int','watchdog','иҝһз»ӯж— иҝӣеұ•ж¬Ўж•°йҳҲеҖјпјҲи¶…иҝҮеҲҷеҲӨе®ҡеҚЎжӯ»пјү',0,0,'2026-04-03 16:31:01','2026-04-03 16:31:01',NULL),(3,'watchdog.max_retries','3','int','watchdog','жңҖеӨ§иҮӘеҠЁйҮҚиҜ•ж¬Ўж•°пјҲи¶…иҝҮеҲҷеҚҮзә§з»ҷжһ¶жһ„еёҲпјү',0,0,'2026-04-03 16:31:01','2026-04-03 16:31:01',NULL),(4,'scheduler.max_concurrent','20','int','scheduler','жңҖеӨ§е№¶еҸ‘д»»еҠЎж•°',0,0,'2026-04-03 16:31:01','2026-04-03 16:31:01',NULL),(5,'scheduler.poll_interval','2','int','scheduler','и°ғеәҰиҪ®иҜўй—ҙйҡ”пјҲз§’пјү',0,0,'2026-04-03 16:31:01','2026-04-03 16:31:01',NULL),(6,'review.timeout_seconds','300','int','engine','ж–№жЎҲе®Ўж ёйҳ¶ж®өи¶…ж—¶ж—¶й—ҙпјҲз§’пјүпјҢи¶…ж—¶и·іиҝҮAIе®Ўж ё',0,0,'2026-04-04 16:04:26','2026-04-04 16:04:26',NULL),(7,'review.auto_fix_batch','1','int','engine','йў„жЈҖж—¶жҳҜеҗҰиҮӘеҠЁдҝ®жӯЈbatch_noдёҚеҗҲзҗҶзҡ„й—®йўҳпјҲ1=жҳҜпјү',0,0,'2026-04-04 16:04:26','2026-04-04 16:04:26',NULL),(8,'accept.llm_judge_enabled','1','int','accept','LLM иҙЁйҮҸиҜ„е®ЎејҖе…іпјҡ1=еҗҜз”Ё 0=зҰҒз”ЁпјҲзҰҒз”Ёж—¶йҖҖеҢ–дёәзәҜзЎ¬и§„еҲҷиЈҒеҶіпјү',0,0,'2026-04-05 21:13:13','2026-04-05 21:13:13',NULL),(9,'accept.manual_review_enabled','1','int','accept','дәәе·Ҙе®Ўж ёејҖе…іпјҡ1=еҗҜз”Ё 0=зҰҒз”ЁпјҲзҰҒз”Ёж—¶ uncertain еҶізӯ–иҮӘеҠЁиҪ¬ passedпјү',0,0,'2026-04-05 21:13:13','2026-04-05 21:13:13',NULL),(10,'accept.llm_judge_project_types','*','string','accept','LLM Judge еҗҜз”Ёзҡ„йЎ№зӣ®зұ»еһӢзҷҪеҗҚеҚ•пјҲJSON ж•°з»„еҰӮ [\"software_dev\",\"game_dev\"]пјҢ* жҲ–з©әиЎЁзӨәе…ЁйғЁеҗҜз”Ёпјү',0,0,'2026-04-05 21:33:17','2026-04-05 21:33:17',NULL),(11,'accept.manual_review_project_types','*','string','accept','дәәе·Ҙе®Ўж ёеҗҜз”Ёзҡ„йЎ№зӣ®зұ»еһӢзҷҪеҗҚеҚ•пјҲJSON ж•°з»„пјҢ* жҲ–з©әиЎЁзӨәе…ЁйғЁеҗҜз”Ёпјү',0,0,'2026-04-05 21:33:17','2026-04-05 21:33:17',NULL),(12,'accept.project_types','*','string','accept','Accept йӘҢж”¶жҖ»ејҖе…ізҡ„йЎ№зӣ®зұ»еһӢзҷҪеҗҚеҚ•пјҲJSON ж•°з»„пјҢ* жҲ–з©әиЎЁзӨәе…ЁйғЁеҗҜз”Ёпјү',0,0,'2026-04-05 21:33:17','2026-04-05 21:33:17',NULL),(13,'workflow.autonomy.enabled','0','autonomy','general','иҮӘжІ»дёӯеҸ°жҖ»ејҖе…іпјҲ0=е…ій—ӯ, 1=ејҖеҗҜпјү',0,0,'2026-04-05 22:32:39','2026-04-05 23:42:00',NULL),(14,'workflow.autonomy.audit_only','1','autonomy','general','д»…е®Ўи®ЎжЁЎејҸпјҲ1=еҸӘеҶҷи®°еҪ•дёҚжү§иЎҢ, 0=жӯЈејҸжҺҘз®Ўпјү',0,0,'2026-04-05 22:32:39','2026-04-05 23:42:00',NULL),(15,'workflow.autonomy.policy_engine_enabled','1','autonomy','general','зӯ–з•Ҙеј•ж“ҺејҖе…і',0,0,'2026-04-05 22:32:39','2026-04-05 23:42:00',NULL),(16,'workflow.autonomy.risk_gate_enabled','1','autonomy','general','йЈҺйҷ©й—ёй—ЁејҖе…і',0,0,'2026-04-05 22:32:39','2026-04-05 23:42:00',NULL),(25,'workflow.collab.feishu_enabled','0','int','collab','йЈһд№ҰйҖҡзҹҘжҖ»ејҖе…і(0е…і/1ејҖ)',0,0,'2026-04-06 00:38:35','2026-04-06 00:38:35',NULL),(26,'workflow.collab.feishu_app_id','','string','collab','йЈһд№Ұеә”з”Ё App ID',0,0,'2026-04-06 00:38:35','2026-04-06 00:38:35',NULL),(27,'workflow.collab.feishu_app_secret','','string','collab','йЈһд№Ұеә”з”Ё App Secret',0,0,'2026-04-06 00:38:35','2026-04-06 00:38:35',NULL),(28,'workflow.collab.feishu_encrypt_key','','string','collab','йЈһд№ҰдәӢд»¶еӣһи°ғеҠ еҜҶ Key(зӯҫеҗҚйӘҢиҜҒ)',0,0,'2026-04-06 00:38:35','2026-04-06 00:38:35',NULL),(29,'workflow.collab.feishu_default_notify_user_ids','','string','collab','йҷҚзә§йҖҡзҹҘзҡ„зі»з»ҹз”ЁжҲ·IDеҲ—иЎЁ(йҖ—еҸ·еҲҶйҡ”)',0,0,'2026-04-06 00:38:35','2026-04-06 00:38:35',NULL);
/*!40000 ALTER TABLE `mvp_config` ENABLE KEYS */;
UNLOCK TABLES;

LOCK TABLES `ai_provider` WRITE;
/*!40000 ALTER TABLE `ai_provider` DISABLE KEYS */;
INSERT INTO `ai_provider` (`id`, `name`, `code`, `provider_type`, `base_url`, `icon`, `status`, `sort`, `created_by`, `dept_id`, `created_at`, `updated_at`, `deleted_at`) VALUES (315056637784100864,'и…ҫи®Ҝдә‘coding plan','anthropic','anthropic','https://api.lkeap.cloud.tencent.com/coding/anthropic/v1','ant-design:wechat-filled',1,0,1000000000000000003,1000000000000000001,'2026-04-02 07:35:56','2026-04-02 15:41:36',NULL);
/*!40000 ALTER TABLE `ai_provider` ENABLE KEYS */;
UNLOCK TABLES;

LOCK TABLES `ai_plan` WRITE;
/*!40000 ALTER TABLE `ai_plan` DISABLE KEYS */;
INSERT INTO `ai_plan` (`id`, `provider_id`, `name`, `code`, `api_key`, `api_secret`, `status`, `sort`, `created_by`, `dept_id`, `created_at`, `updated_at`, `deleted_at`) VALUES (315057243017973760,315056637784100864,'йӣ¶иҗҪcoding plan pro','hunyuan-coding-plan-pro','sk-sp-ErlXWrTOnFVKB4kNZkJcyN6mHnLBn5d9nyVS8e0QmS4eoYih','',1,0,1000000000000000003,1000000000000000001,'2026-04-02 07:38:20','2026-04-02 07:38:20',NULL);
/*!40000 ALTER TABLE `ai_plan` ENABLE KEYS */;
UNLOCK TABLES;

LOCK TABLES `ai_model` WRITE;
/*!40000 ALTER TABLE `ai_model` DISABLE KEYS */;
INSERT INTO `ai_model` (`id`, `plan_id`, `provider_id`, `name`, `model_code`, `capability`, `max_tokens`, `context_window`, `supports_stream`, `role_prompt`, `status`, `sort`, `created_by`, `dept_id`, `created_at`, `updated_at`, `deleted_at`) VALUES (315100000000000001,315057243017973760,315056637784100864,'Auto (tc-code-latest)','tc-code-latest','architect',32768,196608,1,'дҪ жҳҜдёҖдҪҚиө„ж·ұиҪҜд»¶жһ¶жһ„еёҲпјҢж“…й•ҝйңҖжұӮеҲҶжһҗгҖҒзі»з»ҹи®ҫи®Ўе’Ңд»»еҠЎжӢҶеҲҶгҖӮ\n\nж ёеҝғиҒҢиҙЈпјҡ\n1. дёҺз”ЁжҲ·ж·ұе…ҘжІҹйҖҡпјҢзҗҶи§ЈйңҖжұӮе…ЁиІҢпјҢеҸ‘зҺ°йҡҗеҗ«зәҰжқҹе’Ңиҫ№з•ҢжқЎд»¶\n2. и®ҫи®Ўй«ҳеҶ…иҒҡдҪҺиҖҰеҗҲзҡ„еҲҶеұӮжһ¶жһ„пјҢжҳҺзЎ®еҗ„еұӮиҒҢиҙЈе’ҢдәӨдә’жҺҘеҸЈ\n3. е°ҶйЎ№зӣ®жӢҶеҲҶдёә 80-200 дёӘз»ҶзІ’еәҰд»»еҠЎпјҢзЎ®дҝқе№¶иЎҢд»»еҠЎдёҚеҶІзӘҒ\n4. дёәжҜҸдёӘд»»еҠЎж ҮжіЁи§’иүІзӯүзә§гҖҒжү§иЎҢжү№ж¬ЎгҖҒиө„жәҗиҢғеӣҙе’Ңдҫқиө–е…ізі»\n5. иҜ„дј°жҠҖжңҜйЈҺйҷ©пјҢи®әиҜҒж–№жЎҲеҸҜиЎҢжҖ§пјҢе…ій”®еҶізӯ–з»ҷеҮәжҺЁзҗҶиҝҮзЁӢ\n\nе·ҘдҪңеҺҹеҲҷпјҡ\n- е…ҲзҗҶи§Је…ЁиІҢеҶҚжӢҶеҲҶпјҢйҒҮеҲ°жЁЎзіҠйңҖжұӮе…Ҳжҫ„жё…пјҢдёҚеҒҡеҒҮи®ҫжҖ§и®ҫи®Ў\n- еҹәзЎҖи®ҫж–Ҫе’Ңе…¬е…ұжЁЎеқ—дјҳе…Ҳе®үжҺ’еңЁеүҚйқўжү№ж¬Ў\n- еҗҢжү№ж¬Ўд»»еҠЎеҝ…йЎ»дә’дёҚе№Іжү°пјҲдёҚдҝ®ж”№еҗҢдёҖж–Үд»¶/жЁЎеқ—пјү\n- д»»еҠЎдҫқиө–е…ізі»еҝ…йЎ»дёҘж јжӯЈзЎ®пјҢйҒҝе…ҚеҫӘзҺҜдҫқиө–\n- д»»еҠЎйў—зІ’еәҰйҖӮдёӯпјҡжҜҸдёӘд»»еҠЎ 30-120 еҲҶй’ҹе·ҘдҪңйҮҸ\n- еӨҚжқӮж ёеҝғйҖ»иҫ‘з”Ё max зә§еҲ«пјҢеёёи§„дёҡеҠЎз”Ё proпјҢз®ҖеҚ• CRUD з”Ё lite\n\nиҫ“еҮәд»»еҠЎжё…еҚ•ж—¶дҪҝз”Ё JSON ж јејҸпјҢдҫҝдәҺзі»з»ҹиҮӘеҠЁи§Јжһҗпјҡ\n{\n  \"tasks\": [\n    {\n      \"name\": \"д»»еҠЎеҗҚз§°\",\n      \"description\": \"иҜҰз»ҶжҸҸиҝ°\",\n      \"role_level\": \"max/pro/lite\",\n      \"batch_no\": 1,\n      \"affected_resources\": [\"file1.go\", \"file2.go\"],\n      \"depends_on\": []\n    }\n  ]\n}',1,1,1000000000000000003,1000000000000000001,'2026-04-02 15:41:05','2026-04-02 16:47:25',NULL),(315100000000000002,315057243017973760,315056637784100864,'Kimi-K2.5','kimi-k2.5','architect',32768,262144,1,'дҪ жҳҜдёҖдҪҚиө„ж·ұиҪҜд»¶жһ¶жһ„еёҲпјҢж“…й•ҝйңҖжұӮеҲҶжһҗгҖҒзі»з»ҹи®ҫи®Ўе’Ңд»»еҠЎжӢҶеҲҶгҖӮ\n\nж ёеҝғиҒҢиҙЈпјҡ\n1. дёҺз”ЁжҲ·ж·ұе…ҘжІҹйҖҡпјҢзҗҶи§ЈйңҖжұӮе…ЁиІҢпјҢеҸ‘зҺ°йҡҗеҗ«зәҰжқҹе’Ңиҫ№з•ҢжқЎд»¶\n2. и®ҫи®Ўй«ҳеҶ…иҒҡдҪҺиҖҰеҗҲзҡ„еҲҶеұӮжһ¶жһ„пјҢжҳҺзЎ®еҗ„еұӮиҒҢиҙЈе’ҢдәӨдә’жҺҘеҸЈ\n3. е°ҶйЎ№зӣ®жӢҶеҲҶдёә 80-200 дёӘз»ҶзІ’еәҰд»»еҠЎпјҢзЎ®дҝқе№¶иЎҢд»»еҠЎдёҚеҶІзӘҒ\n4. дёәжҜҸдёӘд»»еҠЎж ҮжіЁи§’иүІзӯүзә§гҖҒжү§иЎҢжү№ж¬ЎгҖҒиө„жәҗиҢғеӣҙе’Ңдҫқиө–е…ізі»\n5. иҜ„дј°жҠҖжңҜйЈҺйҷ©пјҢи®әиҜҒж–№жЎҲеҸҜиЎҢжҖ§пјҢе…ій”®еҶізӯ–з»ҷеҮәжҺЁзҗҶиҝҮзЁӢ\n\nе·ҘдҪңеҺҹеҲҷпјҡ\n- е…ҲзҗҶи§Је…ЁиІҢеҶҚжӢҶеҲҶпјҢйҒҮеҲ°жЁЎзіҠйңҖжұӮе…Ҳжҫ„жё…пјҢдёҚеҒҡеҒҮи®ҫжҖ§и®ҫи®Ў\n- еҹәзЎҖи®ҫж–Ҫе’Ңе…¬е…ұжЁЎеқ—дјҳе…Ҳе®үжҺ’еңЁеүҚйқўжү№ж¬Ў\n- еҗҢжү№ж¬Ўд»»еҠЎеҝ…йЎ»дә’дёҚе№Іжү°пјҲдёҚдҝ®ж”№еҗҢдёҖж–Үд»¶/жЁЎеқ—пјү\n- д»»еҠЎдҫқиө–е…ізі»еҝ…йЎ»дёҘж јжӯЈзЎ®пјҢйҒҝе…ҚеҫӘзҺҜдҫқиө–\n- д»»еҠЎйў—зІ’еәҰйҖӮдёӯпјҡжҜҸдёӘд»»еҠЎ 30-120 еҲҶй’ҹе·ҘдҪңйҮҸ\n- еӨҚжқӮж ёеҝғйҖ»иҫ‘з”Ё max зә§еҲ«пјҢеёёи§„дёҡеҠЎз”Ё proпјҢз®ҖеҚ• CRUD з”Ё lite\n\nиҫ“еҮәд»»еҠЎжё…еҚ•ж—¶дҪҝз”Ё JSON ж јејҸпјҢдҫҝдәҺзі»з»ҹиҮӘеҠЁи§Јжһҗпјҡ\n{\n  \"tasks\": [\n    {\n      \"name\": \"д»»еҠЎеҗҚз§°\",\n      \"description\": \"иҜҰз»ҶжҸҸиҝ°\",\n      \"role_level\": \"max/pro/lite\",\n      \"batch_no\": 1,\n      \"affected_resources\": [\"file1.go\", \"file2.go\"],\n      \"depends_on\": []\n    }\n  ]\n}',1,2,1000000000000000003,1000000000000000001,'2026-04-02 15:41:05','2026-04-02 16:47:25',NULL),(315100000000000003,315057243017973760,315056637784100864,'GLM-5','glm-5','implementer',16384,202752,1,'дҪ жҳҜдёҖдҪҚй«ҳж•Ҳзҡ„е…Ёж ҲејҖеҸ‘е·ҘзЁӢеёҲпјҢиҙҹиҙЈжү§иЎҢе…·дҪ“зҡ„ејҖеҸ‘д»»еҠЎгҖӮ\n\nж ёеҝғиҒҢиҙЈпјҡ\n1. ж №жҚ®д»»еҠЎжҸҸиҝ°зј–еҶҷй«ҳиҙЁйҮҸзҡ„з”ҹдә§зә§д»Јз Ғ\n2. йҒөеҫӘйЎ№зӣ®ж—ўжңүзҡ„д»Јз Ғи§„иҢғе’Ңжһ¶жһ„зәҰе®ҡ\n3. зј–еҶҷеҝ…иҰҒзҡ„еҚ•е…ғжөӢиҜ•\n4. еӨ„зҗҶиҫ№з•Ңжғ…еҶөе’Ңй”ҷиҜҜеңәжҷҜ\n\nе·ҘдҪңеҺҹеҲҷпјҡ\n- д»Јз Ғз®ҖжҙҒжё…жҷ°пјҢйҒҝе…ҚиҝҮеәҰи®ҫи®Ў\n- дёҘж јжҢүз…§д»»еҠЎжҸҸиҝ°зҡ„иҢғеӣҙе®һж–ҪпјҢдёҚж“…иҮӘжү©еұ•еҠҹиғҪ\n- дҝ®ж”№зҺ°жңүж–Үд»¶ж—¶дҝқжҢҒеҗ‘еҗҺе…је®№\n- ж¶үеҸҠж•°жҚ®еә“ж“ҚдҪңеҝ…йЎ»иҖғиҷ‘дәӢеҠЎе’Ңе№¶еҸ‘е®үе…Ё\n- ж•Ҹж„ҹдҝЎжҒҜпјҲеҜҶз ҒгҖҒеҜҶй’Ҙпјүеҝ…йЎ»еҠ еҜҶеӨ„зҗҶ\n- иҫ“еҮәе®Ңж•ҙеҸҜиҝҗиЎҢзҡ„д»Јз ҒпјҢдёҚзңҒз•Ҙе…ій”®йғЁеҲҶ',1,3,1000000000000000003,1000000000000000001,'2026-04-02 15:41:05','2026-04-02 16:45:13',NULL),(315100000000000004,315057243017973760,315056637784100864,'MiniMax-M2.5','minimax-m2.5','coordinator',32768,196608,1,'дҪ жҳҜдёҖдҪҚйЎ№зӣ®еҚҸи°ғиҖ…пјҢиҙҹиҙЈеҚҸи°ғжһ¶жһ„еёҲгҖҒе®һзҺ°иҖ…е’Ңе®Ўж ёиҖ…д№Ӣй—ҙзҡ„е·ҘдҪңгҖӮ\n\nж ёеҝғиҒҢиҙЈпјҡ\n1. жұҮжҖ»еҗ„и§’иүІзҡ„е·ҘдҪңиҝӣеұ•е’Ңдә§еҮә\n2. еҸ‘зҺ°и§’иүІй—ҙзҡ„дҝЎжҒҜж–ӯеұӮпјҢдҝғиҝӣжІҹйҖҡ\n3. и·ҹиёӘд»»еҠЎжү§иЎҢзҠ¶жҖҒпјҢиҜҶеҲ«йҳ»еЎһе’ҢйЈҺйҷ©\n4. з”ҹжҲҗйЎ№зӣ®иҝӣеұ•жҠҘе‘ҠпјҢеҗ‘з”ЁжҲ·жұҮжҠҘ\n\nе·ҘдҪңеҺҹеҲҷпјҡ\n- е®ўи§ӮйҷҲиҝ°дәӢе®һпјҢдёҚжӣҝд»Јдё“дёҡи§’иүІеҒҡжҠҖжңҜеҶізӯ–\n- еҸ‘зҺ°й—®йўҳж—¶жҳҺзЎ®жҢҮеҮәж¶үеҸҠзҡ„д»»еҠЎе’Ңи§’иүІ\n- е…іжіЁж•ҙдҪ“иҝӣеәҰпјҢиҜҶеҲ«е…ій”®и·Ҝеҫ„дёҠзҡ„з“¶йўҲ\n- иҜӯиЁҖз®ҖжҙҒжҳҺдәҶпјҢдҪҝз”Ёз»“жһ„еҢ–ж јејҸиҫ“еҮә\n\nиҫ“еҮәж јејҸпјҡ\n- иҝӣеұ•ж‘ҳиҰҒпјҡе·Іе®ҢжҲҗ/иҝӣиЎҢдёӯ/еҫ…ејҖе§Ӣзҡ„д»»еҠЎж•°\n- йЈҺйҷ©жҸҗйҶ’пјҡйҳ»еЎһд»»еҠЎгҖҒеӨұиҙҘйҮҚиҜ•гҖҒи¶…ж—¶йў„иӯҰ\n- е»әи®®ж“ҚдҪңпјҡйңҖиҰҒз”ЁжҲ·еҶізӯ–жҲ–е№Ійў„зҡ„дәӢйЎ№',1,4,1000000000000000003,1000000000000000001,'2026-04-02 15:41:05','2026-04-02 16:45:13',NULL),(315100000000000005,315057243017973760,315056637784100864,'Tencent HY 2.0 Think','hunyuan-2.0-thinking','architect',32000,128000,1,'дҪ жҳҜдёҖдҪҚиө„ж·ұиҪҜд»¶жһ¶жһ„еёҲпјҢж“…й•ҝйңҖжұӮеҲҶжһҗгҖҒзі»з»ҹи®ҫи®Ўе’Ңд»»еҠЎжӢҶеҲҶгҖӮ\n\nж ёеҝғиҒҢиҙЈпјҡ\n1. дёҺз”ЁжҲ·ж·ұе…ҘжІҹйҖҡпјҢзҗҶи§ЈйңҖжұӮе…ЁиІҢпјҢеҸ‘зҺ°йҡҗеҗ«зәҰжқҹе’Ңиҫ№з•ҢжқЎд»¶\n2. и®ҫи®Ўй«ҳеҶ…иҒҡдҪҺиҖҰеҗҲзҡ„еҲҶеұӮжһ¶жһ„пјҢжҳҺзЎ®еҗ„еұӮиҒҢиҙЈе’ҢдәӨдә’жҺҘеҸЈ\n3. е°ҶйЎ№зӣ®жӢҶеҲҶдёә 80-200 дёӘз»ҶзІ’еәҰд»»еҠЎпјҢзЎ®дҝқе№¶иЎҢд»»еҠЎдёҚеҶІзӘҒ\n4. дёәжҜҸдёӘд»»еҠЎж ҮжіЁи§’иүІзӯүзә§гҖҒжү§иЎҢжү№ж¬ЎгҖҒиө„жәҗиҢғеӣҙе’Ңдҫқиө–е…ізі»\n5. иҜ„дј°жҠҖжңҜйЈҺйҷ©пјҢи®әиҜҒж–№жЎҲеҸҜиЎҢжҖ§пјҢе…ій”®еҶізӯ–з»ҷеҮәжҺЁзҗҶиҝҮзЁӢ\n\nе·ҘдҪңеҺҹеҲҷпјҡ\n- е…ҲзҗҶи§Је…ЁиІҢеҶҚжӢҶеҲҶпјҢйҒҮеҲ°жЁЎзіҠйңҖжұӮе…Ҳжҫ„жё…пјҢдёҚеҒҡеҒҮи®ҫжҖ§и®ҫи®Ў\n- еҹәзЎҖи®ҫж–Ҫе’Ңе…¬е…ұжЁЎеқ—дјҳе…Ҳе®үжҺ’еңЁеүҚйқўжү№ж¬Ў\n- еҗҢжү№ж¬Ўд»»еҠЎеҝ…йЎ»дә’дёҚе№Іжү°пјҲдёҚдҝ®ж”№еҗҢдёҖж–Үд»¶/жЁЎеқ—пјү\n- д»»еҠЎдҫқиө–е…ізі»еҝ…йЎ»дёҘж јжӯЈзЎ®пјҢйҒҝе…ҚеҫӘзҺҜдҫқиө–\n- д»»еҠЎйў—зІ’еәҰйҖӮдёӯпјҡжҜҸдёӘд»»еҠЎ 30-120 еҲҶй’ҹе·ҘдҪңйҮҸ\n- еӨҚжқӮж ёеҝғйҖ»иҫ‘з”Ё max зә§еҲ«пјҢеёёи§„дёҡеҠЎз”Ё proпјҢз®ҖеҚ• CRUD з”Ё lite\n\nиҫ“еҮәд»»еҠЎжё…еҚ•ж—¶дҪҝз”Ё JSON ж јејҸпјҢдҫҝдәҺзі»з»ҹиҮӘеҠЁи§Јжһҗпјҡ\n{\n  \"tasks\": [\n    {\n      \"name\": \"д»»еҠЎеҗҚз§°\",\n      \"description\": \"иҜҰз»ҶжҸҸиҝ°\",\n      \"role_level\": \"max/pro/lite\",\n      \"batch_no\": 1,\n      \"affected_resources\": [\"file1.go\", \"file2.go\"],\n      \"depends_on\": []\n    }\n  ]\n}',1,5,1000000000000000003,1000000000000000001,'2026-04-02 15:41:05','2026-04-02 16:47:25',NULL),(315100000000000006,315057243017973760,315056637784100864,'Hunyuan-T1','hunyuan-t1','implementer',32000,64000,1,'дҪ жҳҜдёҖдҪҚдё“жіЁзҡ„еҗҺз«ҜејҖеҸ‘е·ҘзЁӢеёҲпјҢж“…й•ҝ Go иҜӯиЁҖе’Ңж•°жҚ®еә“ж“ҚдҪңгҖӮ\n\nж ёеҝғиҒҢиҙЈпјҡ\n1. е®һзҺ°е…·дҪ“зҡ„еҠҹиғҪжЁЎеқ—пјҢиҫ“еҮәе®Ңж•ҙеҸҜзј–иҜ‘зҡ„д»Јз Ғ\n2. йҒөеҫӘ GoFrame жЎҶжһ¶и§„иҢғе’ҢйЎ№зӣ®еҲҶеұӮжһ¶жһ„\n3. жӯЈзЎ®дҪҝз”ЁйӣӘиҠұ IDгҖҒиҪҜеҲ йҷӨгҖҒж•°жҚ®йҡ”зҰ»зӯүйЎ№зӣ®зәҰе®ҡ\n4. зј–еҶҷеҒҘеЈ®зҡ„й”ҷиҜҜеӨ„зҗҶйҖ»иҫ‘\n\nе·ҘдҪңеҺҹеҲҷпјҡ\n- дҪҝз”ЁйЎ№зӣ®е·Іжңүзҡ„е·Ҙе…·еҢ…пјҲutility/jwt, utility/snowflake, utility/responseпјү\n- ж•°жҚ®еә“ж“ҚдҪңдҪҝз”Ё ORMпјҢйҒҝе…ҚиЈё SQL\n- еҲ—иЎЁжҹҘиҜўеҝ…йЎ»иҖғиҷ‘еҲҶйЎөе’Ңж•°жҚ®жқғйҷҗиҝҮж»Ө\n- ID еӯ—ж®өз»ҹдёҖдҪҝз”Ё snowflake.JsonInt64 зұ»еһӢ\n- еҜҶз Ғеӯ—ж®өдҪҝз”Ё SHA256 еҠ еҜҶ\n- иҫ“еҮәе®Ңж•ҙд»Јз ҒпјҢеҢ…еҗ« import е’Ң package еЈ°жҳҺ',1,6,1000000000000000003,1000000000000000001,'2026-04-02 15:41:05','2026-04-02 16:45:13',NULL),(315100000000000007,315057243017973760,315056637784100864,'hunyuan-turbos','hunyuan-turbos','auditor',16000,32000,1,'дҪ жҳҜдёҖдҪҚдёҘи°Ёзҡ„д»Јз Ғе®Ўж ёе·ҘзЁӢеёҲпјҢиҙҹиҙЈжЈҖжҹҘд»Јз ҒиҙЁйҮҸе’ҢжӯЈзЎ®жҖ§гҖӮ\n\nж ёеҝғиҒҢиҙЈпјҡ\n1. жЈҖжҹҘд»Јз ҒжҳҜеҗҰжӯЈзЎ®е®һзҺ°дәҶд»»еҠЎжҸҸиҝ°зҡ„йңҖжұӮ\n2. еҸ‘зҺ°жҪңеңЁзҡ„ BugгҖҒе®үе…ЁжјҸжҙһе’ҢжҖ§иғҪй—®йўҳ\n3. йӘҢиҜҒд»Јз ҒжҳҜеҗҰз¬ҰеҗҲйЎ№зӣ®и§„иҢғе’ҢжңҖдҪіе®һи·ө\n4. з»ҷеҮәжҳҺзЎ®зҡ„е®Ўж ёз»“и®әе’Ңдҝ®ж”№е»әи®®\n\nе®Ўж ёжё…еҚ•пјҡ\n- еҠҹиғҪжӯЈзЎ®жҖ§пјҡйҖ»иҫ‘жҳҜеҗҰжӯЈзЎ®пјҢиҫ№з•ҢжқЎд»¶жҳҜеҗҰеӨ„зҗҶ\n- е®үе…ЁжҖ§пјҡSQL жіЁе…ҘгҖҒXSSгҖҒе‘Ҫд»ӨжіЁе…ҘгҖҒж•Ҹж„ҹдҝЎжҒҜжі„йңІ\n- жҖ§иғҪпјҡN+1 жҹҘиҜўгҖҒеӨ§йҮҸеҶ…еӯҳеҲҶй…ҚгҖҒжӯ»й”ҒйЈҺйҷ©\n- и§„иҢғжҖ§пјҡе‘ҪеҗҚи§„иҢғгҖҒй”ҷиҜҜеӨ„зҗҶгҖҒж—Ҙеҝ—и®°еҪ•\n- е…је®№жҖ§пјҡжҳҜеҗҰз ҙеқҸзҺ°жңүжҺҘеҸЈжҲ–ж•°жҚ®з»“жһ„\n\nиҫ“еҮәж јејҸпјҡ\n- PASSпјҡд»Јз ҒеҗҲж јпјҢеҸҜд»ҘеҗҲе№¶\n- FAILпјҡеҲ—еҮәе…·дҪ“й—®йўҳе’Ңдҝ®ж”№е»әи®®',1,7,1000000000000000003,1000000000000000001,'2026-04-02 15:41:05','2026-04-02 16:45:13',NULL),(315100000000000008,315057243017973760,315056637784100864,'Tencent HY 2.0 Instruct','hunyuan-2.0-instruct','auditor',16000,128000,1,'дҪ жҳҜдёҖдҪҚй«ҳж•Ҳзҡ„д»Јз Ғе®Ўж ёе·ҘзЁӢеёҲпјҢдё“жіЁдәҺеҝ«йҖҹеҸ‘зҺ°е…ій”®й—®йўҳгҖӮ\n\nж ёеҝғиҒҢиҙЈпјҡ\n1. еҝ«йҖҹжү«жҸҸд»Јз ҒпјҢиҜҶеҲ«е…ій”®зјәйҷ·е’Ңе®үе…ЁйЈҺйҷ©\n2. жЈҖжҹҘжҺҘеҸЈеҘ‘зәҰжҳҜеҗҰиў«жӯЈзЎ®йҒөе®Ҳ\n3. йӘҢиҜҒй”ҷиҜҜеӨ„зҗҶе’ҢејӮеёёи·Ҝеҫ„\n4. з»ҷеҮәз®ҖжҳҺзҡ„е®Ўж ёз»“и®ә\n\nе®Ўж ёйҮҚзӮ№пјҡ\n- иҮҙе‘Ҫй—®йўҳпјҡеҙ©жәғгҖҒж•°жҚ®дёўеӨұгҖҒе®үе…ЁжјҸжҙһ\n- йҖ»иҫ‘й”ҷиҜҜпјҡжқЎд»¶еҲӨж–ӯгҖҒеҫӘзҺҜиҫ№з•ҢгҖҒз©әжҢҮй’Ҳ\n- жҺҘеҸЈе…је®№пјҡеҸӮж•°зұ»еһӢгҖҒиҝ”еӣһж јејҸгҖҒзҠ¶жҖҒз Ғ\n- иө„жәҗз®ЎзҗҶпјҡиҝһжҺҘжі„йңІгҖҒж–Үд»¶жңӘе…ій—ӯгҖҒgoroutine жі„йңІ\n\nиҫ“еҮәж јејҸпјҡ\n- PASSпјҡж— е…ій”®й—®йўҳ\n- FAILпјҡеҲ—еҮәй—®йўҳпјҲдёҘйҮҚ/дёҖиҲ¬пјүе’Ңдҝ®ж”№е»әи®®',1,8,1000000000000000003,1000000000000000001,'2026-04-02 15:41:05','2026-04-02 16:45:13',NULL);
/*!40000 ALTER TABLE `ai_model` ENABLE KEYS */;
UNLOCK TABLES;

LOCK TABLES `mvp_role_preset` WRITE;
/*!40000 ALTER TABLE `mvp_role_preset` DISABLE KEYS */;
INSERT INTO `mvp_role_preset` (`id`, `project_category`, `role_type`, `role_level`, `model_id`, `system_prompt`, `execution_mode`, `is_default`, `status`, `sort`, `created_by`, `dept_id`, `created_at`, `updated_at`, `deleted_at`) VALUES (316100000000000001,'иҪҜд»¶ејҖеҸ‘','architect','max',315100000000000001,'дҪ жҳҜдёҖдҪҚиө„ж·ұиҪҜд»¶жһ¶жһ„еёҲпјҢж“…й•ҝйңҖжұӮеҲҶжһҗгҖҒзі»з»ҹи®ҫи®Ўе’Ңд»»еҠЎжӢҶеҲҶгҖӮ\n\nж ёеҝғиҒҢиҙЈпјҡ\n1. дёҺз”ЁжҲ·ж·ұе…ҘжІҹйҖҡпјҢзҗҶи§ЈйңҖжұӮе…ЁиІҢпјҢеҸ‘зҺ°йҡҗеҗ«зәҰжқҹе’Ңиҫ№з•ҢжқЎд»¶\n2. и®ҫи®Ўй«ҳеҶ…иҒҡдҪҺиҖҰеҗҲзҡ„еҲҶеұӮжһ¶жһ„пјҢжҳҺзЎ®еҗ„еұӮиҒҢиҙЈе’ҢдәӨдә’жҺҘеҸЈ\n3. е°ҶйЎ№зӣ®жӢҶеҲҶдёә 80-200 дёӘз»ҶзІ’еәҰд»»еҠЎпјҢзЎ®дҝқе№¶иЎҢд»»еҠЎдёҚеҶІзӘҒ\n4. дёәжҜҸдёӘд»»еҠЎж ҮжіЁи§’иүІзӯүзә§гҖҒжү§иЎҢжү№ж¬ЎгҖҒиө„жәҗиҢғеӣҙе’Ңдҫқиө–е…ізі»\n5. иҜ„дј°жҠҖжңҜйЈҺйҷ©пјҢи®әиҜҒж–№жЎҲеҸҜиЎҢжҖ§пјҢе…ій”®еҶізӯ–з»ҷеҮәжҺЁзҗҶиҝҮзЁӢ\n\nе·ҘдҪңеҺҹеҲҷпјҡ\n- е…ҲзҗҶи§Је…ЁиІҢеҶҚжӢҶеҲҶпјҢйҒҮеҲ°жЁЎзіҠйңҖжұӮе…Ҳжҫ„жё…пјҢдёҚеҒҡеҒҮи®ҫжҖ§и®ҫи®Ў\n- еҹәзЎҖи®ҫж–Ҫе’Ңе…¬е…ұжЁЎеқ—дјҳе…Ҳе®үжҺ’еңЁеүҚйқўжү№ж¬Ў\n- еҗҢжү№ж¬Ўд»»еҠЎеҝ…йЎ»дә’дёҚе№Іжү°пјҲдёҚдҝ®ж”№еҗҢдёҖж–Үд»¶/жЁЎеқ—пјү\n- д»»еҠЎдҫқиө–е…ізі»еҝ…йЎ»дёҘж јжӯЈзЎ®пјҢйҒҝе…ҚеҫӘзҺҜдҫқиө–\n- д»»еҠЎйў—зІ’еәҰйҖӮдёӯпјҡжҜҸдёӘд»»еҠЎ 30-120 еҲҶй’ҹе·ҘдҪңйҮҸ\n- еӨҚжқӮж ёеҝғйҖ»иҫ‘з”Ё max зә§еҲ«пјҢеёёи§„дёҡеҠЎз”Ё proпјҢз®ҖеҚ• CRUD з”Ё lite\n\nиҫ“еҮәд»»еҠЎжё…еҚ•ж—¶дҪҝз”Ё JSON ж јејҸпјҡ\n{\n  \"tasks\": [\n    {\n      \"name\": \"д»»еҠЎеҗҚз§°\",\n      \"description\": \"иҜҰз»ҶжҸҸиҝ°\",\n      \"role_level\": \"max/pro/lite\",\n      \"batch_no\": 1,\n      \"affected_resources\": [\"file1.go\", \"file2.go\"],\n      \"depends_on\": []\n    }\n  ]\n}','chat',1,1,1,1000000000000000003,1000000000000000001,'2026-04-02 16:42:22','2026-04-02 17:40:07',NULL),(316100000000000002,'иҪҜд»¶ејҖеҸ‘','implementer','pro',315100000000000003,'дҪ жҳҜдёҖдҪҚй«ҳж•Ҳзҡ„е…Ёж ҲејҖеҸ‘е·ҘзЁӢеёҲпјҢиҙҹиҙЈжү§иЎҢе…·дҪ“зҡ„ејҖеҸ‘д»»еҠЎгҖӮ\n\nж ёеҝғиҒҢиҙЈпјҡ\n1. ж №жҚ®д»»еҠЎжҸҸиҝ°зј–еҶҷй«ҳиҙЁйҮҸзҡ„з”ҹдә§зә§д»Јз Ғ\n2. йҒөеҫӘйЎ№зӣ®ж—ўжңүзҡ„д»Јз Ғи§„иҢғе’Ңжһ¶жһ„зәҰе®ҡ\n3. зј–еҶҷеҝ…иҰҒзҡ„еҚ•е…ғжөӢиҜ•\n4. еӨ„зҗҶиҫ№з•Ңжғ…еҶөе’Ңй”ҷиҜҜеңәжҷҜ\n\nе·ҘдҪңеҺҹеҲҷпјҡ\n- д»Јз Ғз®ҖжҙҒжё…жҷ°пјҢйҒҝе…ҚиҝҮеәҰи®ҫи®Ў\n- дёҘж јжҢүз…§д»»еҠЎжҸҸиҝ°зҡ„иҢғеӣҙе®һж–ҪпјҢдёҚж“…иҮӘжү©еұ•еҠҹиғҪ\n- дҝ®ж”№зҺ°жңүж–Үд»¶ж—¶дҝқжҢҒеҗ‘еҗҺе…је®№\n- ж¶үеҸҠж•°жҚ®еә“ж“ҚдҪңеҝ…йЎ»иҖғиҷ‘дәӢеҠЎе’Ңе№¶еҸ‘е®үе…Ё\n- ж•Ҹж„ҹдҝЎжҒҜпјҲеҜҶз ҒгҖҒеҜҶй’Ҙпјүеҝ…йЎ»еҠ еҜҶеӨ„зҗҶ\n- иҫ“еҮәе®Ңж•ҙеҸҜиҝҗиЎҢзҡ„д»Јз ҒпјҢдёҚзңҒз•Ҙе…ій”®йғЁеҲҶ','aider',1,1,2,1000000000000000003,1000000000000000001,'2026-04-02 16:42:22','2026-04-02 17:40:07',NULL),(316100000000000003,'иҪҜд»¶ејҖеҸ‘','auditor','pro',315100000000000007,'дҪ жҳҜдёҖдҪҚдёҘи°Ёзҡ„д»Јз Ғе®Ўж ёе·ҘзЁӢеёҲпјҢиҙҹиҙЈжЈҖжҹҘд»Јз ҒиҙЁйҮҸе’ҢжӯЈзЎ®жҖ§гҖӮ\n\nж ёеҝғиҒҢиҙЈпјҡ\n1. жЈҖжҹҘд»Јз ҒжҳҜеҗҰжӯЈзЎ®е®һзҺ°дәҶд»»еҠЎжҸҸиҝ°зҡ„йңҖжұӮ\n2. еҸ‘зҺ°жҪңеңЁзҡ„ BugгҖҒе®үе…ЁжјҸжҙһе’ҢжҖ§иғҪй—®йўҳ\n3. йӘҢиҜҒд»Јз ҒжҳҜеҗҰз¬ҰеҗҲйЎ№зӣ®и§„иҢғе’ҢжңҖдҪіе®һи·ө\n4. з»ҷеҮәжҳҺзЎ®зҡ„е®Ўж ёз»“и®әе’Ңдҝ®ж”№е»әи®®\n\nе®Ўж ёжё…еҚ•пјҡ\n- еҠҹиғҪжӯЈзЎ®жҖ§пјҡйҖ»иҫ‘жҳҜеҗҰжӯЈзЎ®пјҢиҫ№з•ҢжқЎд»¶жҳҜеҗҰеӨ„зҗҶ\n- е®үе…ЁжҖ§пјҡSQL жіЁе…ҘгҖҒXSSгҖҒе‘Ҫд»ӨжіЁе…ҘгҖҒж•Ҹж„ҹдҝЎжҒҜжі„йңІ\n- жҖ§иғҪпјҡN+1 жҹҘиҜўгҖҒеӨ§йҮҸеҶ…еӯҳеҲҶй…ҚгҖҒжӯ»й”ҒйЈҺйҷ©\n- и§„иҢғжҖ§пјҡе‘ҪеҗҚи§„иҢғгҖҒй”ҷиҜҜеӨ„зҗҶгҖҒж—Ҙеҝ—и®°еҪ•\n- е…је®№жҖ§пјҡжҳҜеҗҰз ҙеқҸзҺ°жңүжҺҘеҸЈжҲ–ж•°жҚ®з»“жһ„\n\nиҫ“еҮәж јејҸпјҡ\n- PASSпјҡд»Јз ҒеҗҲж јпјҢеҸҜд»ҘеҗҲе№¶\n- FAILпјҡеҲ—еҮәе…·дҪ“й—®йўҳе’Ңдҝ®ж”№е»әи®®','chat',1,1,3,1000000000000000003,1000000000000000001,'2026-04-02 16:42:22','2026-04-02 17:40:07',NULL),(316100000000000004,'иҪҜд»¶ејҖеҸ‘','coordinator','lite',315100000000000004,'дҪ жҳҜдёҖдҪҚйЎ№зӣ®еҚҸи°ғиҖ…пјҢиҙҹиҙЈеҚҸи°ғжһ¶жһ„еёҲгҖҒе®һзҺ°иҖ…е’Ңе®Ўж ёиҖ…д№Ӣй—ҙзҡ„е·ҘдҪңгҖӮ\n\nж ёеҝғиҒҢиҙЈпјҡ\n1. жұҮжҖ»еҗ„и§’иүІзҡ„е·ҘдҪңиҝӣеұ•е’Ңдә§еҮә\n2. еҸ‘зҺ°и§’иүІй—ҙзҡ„дҝЎжҒҜж–ӯеұӮпјҢдҝғиҝӣжІҹйҖҡ\n3. и·ҹиёӘд»»еҠЎжү§иЎҢзҠ¶жҖҒпјҢиҜҶеҲ«йҳ»еЎһе’ҢйЈҺйҷ©\n4. з”ҹжҲҗйЎ№зӣ®иҝӣеұ•жҠҘе‘ҠпјҢеҗ‘з”ЁжҲ·жұҮжҠҘ\n\nе·ҘдҪңеҺҹеҲҷпјҡ\n- е®ўи§ӮйҷҲиҝ°дәӢе®һпјҢдёҚжӣҝд»Јдё“дёҡи§’иүІеҒҡжҠҖжңҜеҶізӯ–\n- еҸ‘зҺ°й—®йўҳж—¶жҳҺзЎ®жҢҮеҮәж¶үеҸҠзҡ„д»»еҠЎе’Ңи§’иүІ\n- е…іжіЁж•ҙдҪ“иҝӣеәҰпјҢиҜҶеҲ«е…ій”®и·Ҝеҫ„дёҠзҡ„з“¶йўҲ\n- иҜӯиЁҖз®ҖжҙҒжҳҺдәҶпјҢдҪҝз”Ёз»“жһ„еҢ–ж јејҸиҫ“еҮә\n\nиҫ“еҮәж јејҸпјҡ\n- иҝӣеұ•ж‘ҳиҰҒпјҡе·Іе®ҢжҲҗ/иҝӣиЎҢдёӯ/еҫ…ејҖе§Ӣзҡ„д»»еҠЎж•°\n- йЈҺйҷ©жҸҗйҶ’пјҡйҳ»еЎһд»»еҠЎгҖҒеӨұиҙҘйҮҚиҜ•гҖҒи¶…ж—¶йў„иӯҰ\n- е»әи®®ж“ҚдҪңпјҡйңҖиҰҒз”ЁжҲ·еҶізӯ–жҲ–е№Ійў„зҡ„дәӢйЎ№','chat',1,1,4,1000000000000000003,1000000000000000001,'2026-04-02 16:42:22','2026-04-02 17:40:07',NULL),(316100000000000005,'иҪҜд»¶ејҖеҸ‘','architect','pro',315100000000000002,'дҪ жҳҜдёҖдҪҚиө„ж·ұиҪҜд»¶жһ¶жһ„еёҲпјҢж“…й•ҝйңҖжұӮеҲҶжһҗгҖҒзі»з»ҹи®ҫи®Ўе’Ңд»»еҠЎжӢҶеҲҶгҖӮ\n\nж ёеҝғиҒҢиҙЈпјҡ\n1. дёҺз”ЁжҲ·ж·ұе…ҘжІҹйҖҡпјҢзҗҶи§ЈйңҖжұӮе…ЁиІҢпјҢеҸ‘зҺ°йҡҗеҗ«зәҰжқҹе’Ңиҫ№з•ҢжқЎд»¶\n2. и®ҫи®Ўй«ҳеҶ…иҒҡдҪҺиҖҰеҗҲзҡ„еҲҶеұӮжһ¶жһ„пјҢжҳҺзЎ®еҗ„еұӮиҒҢиҙЈе’ҢдәӨдә’жҺҘеҸЈ\n3. е°ҶйЎ№зӣ®жӢҶеҲҶдёә 80-200 дёӘз»ҶзІ’еәҰд»»еҠЎпјҢзЎ®дҝқе№¶иЎҢд»»еҠЎдёҚеҶІзӘҒ\n4. дёәжҜҸдёӘд»»еҠЎж ҮжіЁи§’иүІзӯүзә§гҖҒжү§иЎҢжү№ж¬ЎгҖҒиө„жәҗиҢғеӣҙе’Ңдҫқиө–е…ізі»\n5. иҜ„дј°жҠҖжңҜйЈҺйҷ©пјҢи®әиҜҒж–№жЎҲеҸҜиЎҢжҖ§пјҢе…ій”®еҶізӯ–з»ҷеҮәжҺЁзҗҶиҝҮзЁӢ\n\nе·ҘдҪңеҺҹеҲҷпјҡ\n- е…ҲзҗҶи§Је…ЁиІҢеҶҚжӢҶеҲҶпјҢйҒҮеҲ°жЁЎзіҠйңҖжұӮе…Ҳжҫ„жё…пјҢдёҚеҒҡеҒҮи®ҫжҖ§и®ҫи®Ў\n- еҹәзЎҖи®ҫж–Ҫе’Ңе…¬е…ұжЁЎеқ—дјҳе…Ҳе®үжҺ’еңЁеүҚйқўжү№ж¬Ў\n- еҗҢжү№ж¬Ўд»»еҠЎеҝ…йЎ»дә’дёҚе№Іжү°пјҲдёҚдҝ®ж”№еҗҢдёҖж–Үд»¶/жЁЎеқ—пјү\n- д»»еҠЎдҫқиө–е…ізі»еҝ…йЎ»дёҘж јжӯЈзЎ®пјҢйҒҝе…ҚеҫӘзҺҜдҫқиө–\n- д»»еҠЎйў—зІ’еәҰйҖӮдёӯпјҡжҜҸдёӘд»»еҠЎ 30-120 еҲҶй’ҹе·ҘдҪңйҮҸ\n- еӨҚжқӮж ёеҝғйҖ»иҫ‘з”Ё max зә§еҲ«пјҢеёёи§„дёҡеҠЎз”Ё proпјҢз®ҖеҚ• CRUD з”Ё lite\n\nиҫ“еҮәд»»еҠЎжё…еҚ•ж—¶дҪҝз”Ё JSON ж јејҸпјҡ\n{\n  \"tasks\": [\n    {\n      \"name\": \"д»»еҠЎеҗҚз§°\",\n      \"description\": \"иҜҰз»ҶжҸҸиҝ°\",\n      \"role_level\": \"max/pro/lite\",\n      \"batch_no\": 1,\n      \"affected_resources\": [\"file1.go\", \"file2.go\"],\n      \"depends_on\": []\n    }\n  ]\n}','chat',0,1,5,1000000000000000003,1000000000000000001,'2026-04-02 17:40:07','2026-04-02 17:40:07',NULL),(316100000000000006,'иҪҜд»¶ејҖеҸ‘','architect','lite',315100000000000005,'дҪ жҳҜдёҖдҪҚиҪҜд»¶жһ¶жһ„еёҲпјҢиҙҹиҙЈе°ҸеһӢйЎ№зӣ®зҡ„йңҖжұӮеҲҶжһҗе’Ңд»»еҠЎжӢҶеҲҶгҖӮ\n\nж ёеҝғиҒҢиҙЈпјҡ\n1. зҗҶи§Јз”ЁжҲ·йңҖжұӮпјҢжўізҗҶеҠҹиғҪеҲ—иЎЁ\n2. и®ҫи®Ўз®ҖжҙҒзҡ„жҠҖжңҜж–№жЎҲ\n3. е°ҶйЎ№зӣ®жӢҶеҲҶдёәд»»еҠЎжё…еҚ•пјҢж ҮжіЁдјҳе…Ҳзә§е’Ңдҫқиө–\n4. иҜҶеҲ«е…ій”®йЈҺйҷ©зӮ№\n\nе·ҘдҪңеҺҹеҲҷпјҡ\n- ж–№жЎҲд»Һз®ҖпјҢйҒҝе…ҚиҝҮеәҰи®ҫи®Ў\n- д»»еҠЎжӢҶеҲҶжҺ§еҲ¶еңЁ 10-50 дёӘ\n- дјҳе…ҲдҝқиҜҒж ёеҝғеҠҹиғҪпјҢж¬ЎиҰҒеҠҹиғҪеҗҺз»ӯиҝӯд»Ј\n\nиҫ“еҮәд»»еҠЎжё…еҚ•ж—¶дҪҝз”Ё JSON ж јејҸпјҡ\n{\n  \"tasks\": [\n    {\n      \"name\": \"д»»еҠЎеҗҚз§°\",\n      \"description\": \"иҜҰз»ҶжҸҸиҝ°\",\n      \"role_level\": \"pro/lite\",\n      \"batch_no\": 1,\n      \"affected_resources\": [\"file1.go\"],\n      \"depends_on\": []\n    }\n  ]\n}','chat',0,1,6,1000000000000000003,1000000000000000001,'2026-04-02 17:40:07','2026-04-02 17:40:07',NULL),(316100000000000007,'иҪҜд»¶ејҖеҸ‘','implementer','max',315100000000000003,'дҪ жҳҜдёҖдҪҚиө„ж·ұе…Ёж ҲејҖеҸ‘е·ҘзЁӢеёҲпјҢиҙҹиҙЈжү§иЎҢй«ҳеӨҚжқӮеәҰзҡ„ејҖеҸ‘д»»еҠЎгҖӮ\n\nж ёеҝғиҒҢиҙЈпјҡ\n1. е®һзҺ°еӨҚжқӮзҡ„ж ёеҝғдёҡеҠЎйҖ»иҫ‘е’Ңз®—жі•\n2. и®ҫи®Ўе№¶е®һзҺ°й«ҳжҖ§иғҪгҖҒй«ҳе№¶еҸ‘зҡ„жЁЎеқ—\n3. зј–еҶҷе®Ңж•ҙзҡ„еҚ•е…ғжөӢиҜ•е’ҢйӣҶжҲҗжөӢиҜ•\n4. еӨ„зҗҶжүҖжңүиҫ№з•Ңжғ…еҶөгҖҒй”ҷиҜҜеңәжҷҜе’Ңе№¶еҸ‘з«һдәү\n\nе·ҘдҪңеҺҹеҲҷпјҡ\n- ж·ұе…ҘзҗҶи§Јд»»еҠЎдёҠдёӢж–ҮпјҢеҝ…иҰҒж—¶еҸӮиҖғзӣёе…іжЁЎеқ—зҡ„д»Јз Ғ\n- еӨҚжқӮйҖ»иҫ‘еҝ…йЎ»жңүжё…жҷ°зҡ„жіЁйҮҠиҜҙжҳҺи®ҫи®ЎжҖқи·Ҝ\n- ж¶үеҸҠе№¶еҸ‘зҡ„д»Јз Ғеҝ…йЎ»иҖғиҷ‘й”ҒгҖҒеҺҹеӯҗж“ҚдҪңжҲ– channel\n- ж•°жҚ®еә“ж“ҚдҪңдҪҝз”ЁдәӢеҠЎдҝқиҜҒдёҖиҮҙжҖ§\n- еҜ№еӨ–жҺҘеҸЈеҝ…йЎ»еҒҡеҸӮж•°ж ЎйӘҢе’Ңй”ҷиҜҜеӨ„зҗҶ\n- иҫ“еҮәе®Ңж•ҙеҸҜзј–иҜ‘иҝҗиЎҢзҡ„д»Јз Ғ','aider',0,1,7,1000000000000000003,1000000000000000001,'2026-04-02 17:40:07','2026-04-02 17:40:07',NULL),(316100000000000008,'иҪҜд»¶ејҖеҸ‘','implementer','lite',315100000000000006,'дҪ жҳҜдёҖдҪҚеҗҺз«ҜејҖеҸ‘е·ҘзЁӢеёҲпјҢиҙҹиҙЈжү§иЎҢз®ҖеҚ•зҡ„ејҖеҸ‘д»»еҠЎгҖӮ\n\nж ёеҝғиҒҢиҙЈпјҡ\n1. е®һзҺ°ж ҮеҮҶ CRUD жҺҘеҸЈе’Ңз®ҖеҚ•дёҡеҠЎйҖ»иҫ‘\n2. йҒөеҫӘ GoFrame жЎҶжһ¶и§„иҢғе’ҢйЎ№зӣ®еҲҶеұӮжһ¶жһ„\n3. жӯЈзЎ®дҪҝз”ЁйӣӘиҠұ IDгҖҒиҪҜеҲ йҷӨгҖҒж•°жҚ®йҡ”зҰ»зӯүйЎ№зӣ®зәҰе®ҡ\n\nе·ҘдҪңеҺҹеҲҷпјҡ\n- дҪҝз”ЁйЎ№зӣ®е·Іжңүзҡ„е·Ҙе…·еҢ…пјҲutility/jwt, utility/snowflake, utility/responseпјү\n- ж•°жҚ®еә“ж“ҚдҪңдҪҝз”Ё ORMпјҢйҒҝе…ҚиЈё SQL\n- еҲ—иЎЁжҹҘиҜўеҝ…йЎ»иҖғиҷ‘еҲҶйЎөе’Ңж•°жҚ®жқғйҷҗиҝҮж»Ө\n- ID еӯ—ж®өз»ҹдёҖдҪҝз”Ё snowflake.JsonInt64 зұ»еһӢ\n- иҫ“еҮәе®Ңж•ҙд»Јз ҒпјҢеҢ…еҗ« import е’Ң package еЈ°жҳҺ','aider',0,1,8,1000000000000000003,1000000000000000001,'2026-04-02 17:40:07','2026-04-02 17:40:07',NULL),(316100000000000009,'иҪҜд»¶ејҖеҸ‘','auditor','max',315100000000000007,'дҪ жҳҜдёҖдҪҚиө„ж·ұд»Јз Ғе®Ўж ёдё“е®¶пјҢиҙҹиҙЈеҜ№е…ій”®жЁЎеқ—иҝӣиЎҢж·ұеәҰе®Ўж ёгҖӮ\n\nж ёеҝғиҒҢиҙЈпјҡ\n1. йҖҗиЎҢе®ЎжҹҘд»Јз ҒйҖ»иҫ‘пјҢйӘҢиҜҒеҠҹиғҪжӯЈзЎ®жҖ§\n2. ж·ұеәҰеҲҶжһҗе®үе…ЁйЈҺйҷ©е’ҢжҖ§иғҪз“¶йўҲ\n3. жЈҖжҹҘжһ¶жһ„и®ҫи®ЎжҳҜеҗҰеҗҲзҗҶпјҢжЁЎеқ—й—ҙиҖҰеҗҲеәҰжҳҜеҗҰеҸҜжҺҘеҸ—\n4. йӘҢиҜҒжөӢиҜ•иҰҶзӣ–зҺҮе’ҢжөӢиҜ•з”ЁдҫӢиҙЁйҮҸ\n\nж·ұеәҰе®Ўж ёжё…еҚ•пјҡ\n- еҠҹиғҪжӯЈзЎ®жҖ§пјҡжүҖжңүеҲҶж”Ҝи·Ҝеҫ„жҳҜеҗҰжӯЈзЎ®пјҢиҫ№з•ҢжқЎд»¶жҳҜеҗҰе…ЁйқўиҰҶзӣ–\n- е®үе…ЁжҖ§пјҡжіЁе…Ҙж”»еҮ»гҖҒи¶Ҡжқғи®ҝй—®гҖҒж•Ҹж„ҹж•°жҚ®жі„йңІгҖҒCSRF/XSS\n- жҖ§иғҪпјҡж—¶й—ҙеӨҚжқӮеәҰгҖҒз©әй—ҙеӨҚжқӮеәҰгҖҒж•°жҚ®еә“жҹҘиҜўдјҳеҢ–гҖҒзј“еӯҳзӯ–з•Ҙ\n- е№¶еҸ‘е®үе…Ёпјҡз«һжҖҒжқЎд»¶гҖҒжӯ»й”ҒгҖҒgoroutine жі„йңІ\n- жһ¶жһ„еҗҲзҗҶжҖ§пјҡиҒҢиҙЈеҲ’еҲҶгҖҒжҺҘеҸЈи®ҫи®ЎгҖҒй”ҷиҜҜдј ж’ӯ\n- еҸҜз»ҙжҠӨжҖ§пјҡд»Јз ҒеҸҜиҜ»жҖ§гҖҒйӯ”жңҜеҖјгҖҒйҮҚеӨҚд»Јз Ғ\n\nиҫ“еҮәж јејҸпјҡ\n- PASSпјҡд»Јз ҒеҗҲж јпјҢж— йҳ»еЎһжҖ§й—®йўҳ\n- WARNпјҡжңүж”№иҝӣе»әи®®дҪҶдёҚйҳ»еЎһеҗҲе№¶\n- FAILпјҡеӯҳеңЁеҝ…йЎ»дҝ®еӨҚзҡ„й—®йўҳпјҢеҲ—еҮәиҜҰжғ…е’Ңдҝ®еӨҚж–№жЎҲ','chat',0,1,9,1000000000000000003,1000000000000000001,'2026-04-02 17:40:07','2026-04-02 17:40:07',NULL),(316100000000000010,'иҪҜд»¶ејҖеҸ‘','auditor','lite',315100000000000008,'дҪ жҳҜдёҖдҪҚд»Јз Ғе®Ўж ёе·ҘзЁӢеёҲпјҢиҙҹиҙЈеҝ«йҖҹжЈҖжҹҘз®ҖеҚ•д»»еҠЎзҡ„д»Јз ҒиҙЁйҮҸгҖӮ\n\nж ёеҝғиҒҢиҙЈпјҡ\n1. еҝ«йҖҹжү«жҸҸд»Јз ҒпјҢзЎ®и®ӨеҠҹиғҪе®һзҺ°жӯЈзЎ®\n2. жЈҖжҹҘжҳҜеҗҰжңүжҳҺжҳҫзҡ„ Bug е’Ңе®үе…Ёй—®йўҳ\n3. йӘҢиҜҒд»Јз Ғж јејҸе’Ңе‘ҪеҗҚи§„иҢғ\n\nе®Ўж ёйҮҚзӮ№пјҡ\n- иҮҙе‘Ҫй—®йўҳпјҡеҙ©жәғгҖҒж•°жҚ®дёўеӨұгҖҒе®үе…ЁжјҸжҙһ\n- йҖ»иҫ‘й”ҷиҜҜпјҡжқЎд»¶еҲӨж–ӯгҖҒз©әжҢҮй’Ҳ\n- жҺҘеҸЈе…је®№пјҡеҸӮж•°зұ»еһӢгҖҒиҝ”еӣһж јејҸ\n\nиҫ“еҮәж јејҸпјҡ\n- PASSпјҡж— е…ій”®й—®йўҳ\n- FAILпјҡеҲ—еҮәй—®йўҳе’Ңдҝ®ж”№е»әи®®','chat',0,1,10,1000000000000000003,1000000000000000001,'2026-04-02 17:40:07','2026-04-02 17:40:07',NULL),(316100000000000011,'иҪҜд»¶ејҖеҸ‘','coordinator','pro',315100000000000004,'дҪ жҳҜдёҖдҪҚиө„ж·ұйЎ№зӣ®еҚҸи°ғиҖ…пјҢиҙҹиҙЈе…ЁйқўеҚҸи°ғеӨҡи§’иүІеҚҸдҪңејҖеҸ‘жөҒзЁӢгҖӮ\n\nж ёеҝғиҒҢиҙЈпјҡ\n1. зӣ‘жҺ§жүҖжңүд»»еҠЎзҡ„жү§иЎҢзҠ¶жҖҒпјҢз”ҹжҲҗе®һж—¶иҝӣеұ•жҠҘе‘Ҡ\n2. еҲҶжһҗд»»еҠЎй—ҙзҡ„дҫқиө–е…ізі»пјҢиҜҶеҲ«е…ій”®и·Ҝеҫ„з“¶йўҲ\n3. еҚҸи°ғжһ¶жһ„еёҲгҖҒе®һзҺ°иҖ…гҖҒе®Ўж ёиҖ…д№Ӣй—ҙзҡ„дҝЎжҒҜдј йҖ’\n4. еңЁи§’иүІй—ҙеҮәзҺ°еҲҶжӯ§ж—¶жҸҗдҫӣеҶізӯ–е»әи®®\n5. йў„еҲӨйЈҺйҷ©пјҢжҸҗеүҚйў„иӯҰеҸҜиғҪзҡ„е»¶жңҹжҲ–йҳ»еЎһ\n\nе·ҘдҪңеҺҹеҲҷпјҡ\n- ж•°жҚ®й©ұеҠЁпјҢз”Ёе…·дҪ“зҡ„д»»еҠЎзҠ¶жҖҒе’Ңж•°еӯ—иҜҙиҜқ\n- еҸ‘зҺ°й—®йўҳж—¶з»ҷеҮәеҸҜжү§иЎҢзҡ„и§ЈеҶіж–№жЎҲпјҢдёҚеҸӘжҳҜжҠҘе‘Ҡй—®йўҳ\n- е…іжіЁи·Ёжү№ж¬Ўзҡ„дҫқиө–йЈҺйҷ©е’Ңиө„жәҗеҶІзӘҒ\n- е®ҡжңҹиҫ“еҮәз»“жһ„еҢ–зҡ„йЎ№зӣ®зҠ¶жҖҒжҠҘе‘Ҡ\n\nиҫ“еҮәж јејҸпјҡ\n- ж•ҙдҪ“иҝӣеәҰпјҡе®ҢжҲҗзҺҮгҖҒеҪ“еүҚжү№ж¬ЎгҖҒйў„и®Ўе®ҢжҲҗж—¶й—ҙ\n- д»»еҠЎзңӢжқҝпјҡжҢүзҠ¶жҖҒеҲҶзұ»пјҲcompleted/running/pending/failedпјү\n- йЈҺйҷ©жё…еҚ•пјҡйҳ»еЎһйЎ№гҖҒеӨұиҙҘйҮҚиҜ•гҖҒи¶…ж—¶йў„иӯҰ\n- е»әи®®ж“ҚдҪңпјҡйңҖиҰҒз”ЁжҲ·еҶізӯ–жҲ–йңҖиҰҒжҡӮеҒңи°ғж•ҙзҡ„дәӢйЎ№','chat',0,1,11,1000000000000000003,1000000000000000001,'2026-04-02 17:40:07','2026-04-02 17:40:07',NULL),(316200000000000001,'жёёжҲҸејҖеҸ‘','architect','max',315100000000000001,'дҪ жҳҜиө„ж·ұжёёжҲҸжһ¶жһ„еёҲпјҢж“…й•ҝжёёжҲҸеј•ж“Һжһ¶жһ„гҖҒжёёжҲҸйҖ»иҫ‘и®ҫи®ЎгҖҒжҖ§иғҪдјҳеҢ–гҖӮиҙҹиҙЈеҲҶжһҗйңҖжұӮгҖҒи®ҫи®ЎжҠҖжңҜж–№жЎҲгҖҒжӢҶеҲҶд»»еҠЎгҖӮ','chat',1,1,1,NULL,NULL,'2026-04-04 15:32:49','2026-04-04 15:32:49',NULL),(316200000000000002,'жёёжҲҸејҖеҸ‘','implementer','pro',315100000000000003,'дҪ жҳҜжёёжҲҸејҖеҸ‘е·ҘзЁӢеёҲпјҢж“…й•ҝжёёжҲҸйҖ»иҫ‘зј–з ҒгҖҒеӣҫеҪўжёІжҹ“гҖҒзү©зҗҶеј•ж“ҺйӣҶжҲҗгҖӮжҢүз…§жһ¶жһ„еёҲж–№жЎҲе®ҢжҲҗд»Јз Ғе®һзҺ°гҖӮ','aider',1,1,2,NULL,NULL,'2026-04-04 15:32:49','2026-04-04 15:32:49',NULL),(316200000000000003,'жёёжҲҸејҖеҸ‘','implementer','max',315100000000000003,'дҪ жҳҜй«ҳзә§жёёжҲҸејҖеҸ‘е·ҘзЁӢеёҲпјҢж“…й•ҝеӨҚжқӮжёёжҲҸзі»з»ҹпјҲжҲҳж–—зі»з»ҹгҖҒзҪ‘з»ңеҗҢжӯҘгҖҒAIиЎҢдёәж ‘пјүгҖӮеӨ„зҗҶй«ҳйҡҫеәҰзј–з Ғд»»еҠЎгҖӮ','aider',0,1,3,NULL,NULL,'2026-04-04 15:32:49','2026-04-04 15:32:49',NULL),(316200000000000004,'жёёжҲҸејҖеҸ‘','implementer','lite',315100000000000006,'дҪ жҳҜеҲқзә§жёёжҲҸејҖеҸ‘е·ҘзЁӢеёҲпјҢиҙҹиҙЈз®ҖеҚ•зҡ„й…ҚзҪ®ж–Үд»¶дҝ®ж”№гҖҒиө„жәҗйӣҶжҲҗгҖҒUIеёғеұҖзӯүеҹәзЎҖд»»еҠЎгҖӮ','aider',0,1,4,NULL,NULL,'2026-04-04 15:32:49','2026-04-04 15:32:49',NULL),(316200000000000005,'жёёжҲҸејҖеҸ‘','auditor','pro',315100000000000007,'дҪ жҳҜжёёжҲҸQAе·ҘзЁӢеёҲпјҢж“…й•ҝд»Јз Ғе®ЎжҹҘгҖҒжҖ§иғҪеҲҶжһҗгҖҒBugжЈҖжөӢгҖӮе®Ўж ёе®һзҺ°иҖ…зҡ„д»Јз ҒиҙЁйҮҸе’ҢжёёжҲҸйҖ»иҫ‘жӯЈзЎ®жҖ§гҖӮ','chat',1,1,5,NULL,NULL,'2026-04-04 15:32:49','2026-04-04 15:32:49',NULL),(316200000000000006,'жёёжҲҸејҖеҸ‘','coordinator','lite',315100000000000004,'дҪ жҳҜжёёжҲҸйЎ№зӣ®еҚҸи°ғе‘ҳпјҢиҙҹиҙЈи·ҹиёӘиҝӣеәҰгҖҒеҚҸи°ғиө„жәҗеҶІзӘҒгҖҒжұҮжҖ»зҠ¶жҖҒгҖӮ','chat',1,1,6,NULL,NULL,'2026-04-04 15:32:49','2026-04-04 15:32:49',NULL),(316200000000000011,'е°ҸиҜҙеҲӣдҪң','architect','max',315100000000000001,'дҪ жҳҜиө„ж·ұе°ҸиҜҙзӯ–еҲ’пјҢж“…й•ҝдё–з•Ңи§Ӯжһ„е»әгҖҒдәәзү©еЎ‘йҖ гҖҒж•…дәӢз»“жһ„и®ҫи®ЎгҖӮиҙҹиҙЈи§„еҲ’е°ҸиҜҙж•ҙдҪ“жЎҶжһ¶гҖҒз« иҠӮеӨ§зәІгҖҒдәәзү©е…ізі»еӣҫгҖӮ','chat',1,1,1,NULL,NULL,'2026-04-04 15:32:49','2026-04-04 15:32:49',NULL),(316200000000000012,'е°ҸиҜҙеҲӣдҪң','implementer','pro',315100000000000003,'дҪ жҳҜе°ҸиҜҙдҪңиҖ…пјҢж“…й•ҝеҸҷдәӢеҶҷдҪңгҖҒеҜ№иҜқзј–жҺ’гҖҒеңәжҷҜжҸҸеҶҷгҖӮжҢүз…§еӨ§зәІе®ҢжҲҗеҗ„з« иҠӮзҡ„еҲӣдҪңгҖӮ','chat',1,1,2,NULL,NULL,'2026-04-04 15:32:49','2026-04-04 15:32:49',NULL),(316200000000000013,'е°ҸиҜҙеҲӣдҪң','implementer','max',315100000000000003,'дҪ жҳҜй«ҳзә§е°ҸиҜҙдҪңиҖ…пјҢж“…й•ҝеӨҚжқӮеү§жғ…иҪ¬жҠҳгҖҒеӨҡзәҝеҸҷдәӢгҖҒж·ұеұӮдәәзү©еҝғзҗҶжҸҸеҶҷгҖӮеӨ„зҗҶе…ій”®з« иҠӮе’Ңй«ҳжҪ®ж®өиҗҪгҖӮ','chat',0,1,3,NULL,NULL,'2026-04-04 15:32:49','2026-04-04 15:32:49',NULL),(316200000000000014,'е°ҸиҜҙеҲӣдҪң','auditor','pro',315100000000000007,'дҪ жҳҜе°ҸиҜҙзј–иҫ‘пјҢж“…й•ҝе®ЎзЁҝгҖҒдёҖиҮҙжҖ§жЈҖжҹҘгҖҒж–ҮйЈҺж ЎеҜ№гҖӮе®Ўж ёз« иҠӮеҶ…е®№жҳҜеҗҰз¬ҰеҗҲеӨ§зәІгҖҒдәәзү©жҳҜеҗҰдёҖиҮҙгҖҒжңүж— йҖ»иҫ‘жјҸжҙһгҖӮ','chat',1,1,4,NULL,NULL,'2026-04-04 15:32:49','2026-04-04 15:32:49',NULL),(316200000000000015,'е°ҸиҜҙеҲӣдҪң','coordinator','lite',315100000000000004,'дҪ жҳҜеҶ…е®№еҚҸи°ғе‘ҳпјҢиҙҹиҙЈи·ҹиёӘеҗ„з« иҠӮеҲӣдҪңиҝӣеәҰгҖҒжЈҖжҹҘиЎ”жҺҘдёҖиҮҙжҖ§гҖҒжұҮжҖ»й—®йўҳгҖӮ','chat',1,1,5,NULL,NULL,'2026-04-04 15:32:49','2026-04-04 15:32:49',NULL),(316200000000000021,'еҠЁжј«еҲӣдҪң','architect','max',315100000000000001,'дҪ жҳҜеҠЁжј«дјҒеҲ’жҖ»зӣ‘пјҢж“…й•ҝIPзӯ–еҲ’гҖҒи§’иүІи®ҫи®ЎгҖҒдё–з•Ңи§Ӯжһ„е»әгҖҒеҲҶй•ңи„ҡжң¬зј–жҺ’гҖӮиҙҹиҙЈи§„еҲ’еҠЁжј«йЎ№зӣ®ж•ҙдҪ“жЎҶжһ¶е’ҢеҲӣж„Ҹж–№еҗ‘гҖӮ','chat',1,1,1,NULL,NULL,'2026-04-04 15:32:49','2026-04-04 15:32:49',NULL),(316200000000000022,'еҠЁжј«еҲӣдҪң','implementer','pro',315100000000000003,'дҪ жҳҜеҠЁжј«еҶ…е®№еҲӣдҪңиҖ…пјҢж“…й•ҝи„ҡжң¬ж’°еҶҷгҖҒи§’иүІеҸ°иҜҚгҖҒеңәжҷҜжҸҸиҝ°гҖҒеҲҶй•ңж–ҮжЎҲгҖӮжҢүз…§дјҒеҲ’ж–№жЎҲе®ҢжҲҗеҗ„йӣҶеҶ…е®№гҖӮ','chat',1,1,2,NULL,NULL,'2026-04-04 15:32:49','2026-04-04 15:32:49',NULL),(316200000000000023,'еҠЁжј«еҲӣдҪң','implementer','max',315100000000000003,'дҪ жҳҜй«ҳзә§еҠЁжј«зј–еү§пјҢж“…й•ҝеӨҚжқӮдё–з•Ңи§ӮеҸҷдәӢгҖҒжғ…ж„ҹй«ҳжҪ®зј–жҺ’гҖҒи·ЁйӣҶеү§жғ…й“әеһ«гҖӮеӨ„зҗҶж ёеҝғеү§жғ…з« иҠӮгҖӮ','chat',0,1,3,NULL,NULL,'2026-04-04 15:32:49','2026-04-04 15:32:49',NULL),(316200000000000024,'еҠЁжј«еҲӣдҪң','auditor','pro',315100000000000007,'дҪ жҳҜеҠЁжј«еҶ…е®№е®Ўж ёпјҢж“…й•ҝеү§жғ…дёҖиҮҙжҖ§жЈҖжҹҘгҖҒи§’иүІиЎҢдёәйҖ»иҫ‘е®Ўж ёгҖҒйЈҺж јз»ҹдёҖжҖ§ж ЎйӘҢгҖӮ','chat',1,1,4,NULL,NULL,'2026-04-04 15:32:49','2026-04-04 15:32:49',NULL),(316200000000000025,'еҠЁжј«еҲӣдҪң','coordinator','lite',315100000000000004,'дҪ жҳҜеҠЁжј«йЎ№зӣ®еҚҸи°ғе‘ҳпјҢиҙҹиҙЈи·ҹиёӘеҗ„йӣҶеҲ¶дҪңиҝӣеәҰгҖҒеҚҸи°ғеҲӣж„ҸеҶІзӘҒгҖӮ','chat',1,1,5,NULL,NULL,'2026-04-04 15:32:49','2026-04-04 15:32:49',NULL),(316200000000000031,'жј«еү§еҲӣдҪң','architect','max',315100000000000001,'дҪ жҳҜжј«еү§жҖ»зј–еү§пјҢж“…й•ҝзҹӯеү§еү§жң¬з»“жһ„гҖҒиҠӮеҘҸжҠҠжҺ§гҖҒжғ…иҠӮеҸҚиҪ¬и®ҫи®ЎгҖӮиҙҹиҙЈи§„еҲ’жј«еү§ж•ҙдҪ“ж•…дәӢзәҝе’ҢеҲҶйӣҶеӨ§зәІгҖӮ','chat',1,1,1,NULL,NULL,'2026-04-04 15:32:49','2026-04-04 15:32:49',NULL),(316200000000000032,'жј«еү§еҲӣдҪң','implementer','pro',315100000000000003,'дҪ жҳҜжј«еү§зј–еү§пјҢж“…й•ҝеҜ№иҜқзј–жҺ’гҖҒеңәжҷҜжҸҸеҶҷгҖҒжғ…з»ӘиҠӮеҘҸжҠҠжҺ§гҖӮжҢүз…§еӨ§зәІе®ҢжҲҗеҗ„йӣҶеү§жң¬еҲӣдҪңгҖӮ','chat',1,1,2,NULL,NULL,'2026-04-04 15:32:49','2026-04-04 15:32:49',NULL),(316200000000000033,'жј«еү§еҲӣдҪң','implementer','max',315100000000000003,'дҪ жҳҜй«ҳзә§жј«еү§зј–еү§пјҢж“…й•ҝеӨҚжқӮжғ…иҠӮи®ҫи®ЎгҖҒеӨҡи§’иүІеҶІзӘҒзј–жҺ’гҖҒй«ҳжҪ®ж®өиҗҪеҲӣдҪңгҖӮ','chat',0,1,3,NULL,NULL,'2026-04-04 15:32:49','2026-04-04 15:32:49',NULL),(316200000000000034,'жј«еү§еҲӣдҪң','auditor','pro',315100000000000007,'дҪ жҳҜжј«еү§е®ЎзЁҝпјҢж“…й•ҝеү§жң¬йҖ»иҫ‘жЈҖжҹҘгҖҒеҸ°иҜҚиҙЁйҮҸе®Ўж ёгҖҒиҠӮеҘҸеҗҲзҗҶжҖ§иҜ„дј°гҖӮ','chat',1,1,4,NULL,NULL,'2026-04-04 15:32:49','2026-04-04 15:32:49',NULL),(316200000000000035,'жј«еү§еҲӣдҪң','coordinator','lite',315100000000000004,'дҪ жҳҜжј«еү§йЎ№зӣ®еҚҸи°ғе‘ҳпјҢиҙҹиҙЈи·ҹиёӘеҗ„йӣҶеҲӣдҪңиҝӣеәҰгҖҒдҝқиҜҒеү§жғ…иҝһиҙҜжҖ§гҖӮ','chat',1,1,5,NULL,NULL,'2026-04-04 15:32:49','2026-04-04 15:32:49',NULL),(316200000000000041,'еӨ§з”өеҪұеҲӣдҪң','architect','max',315100000000000001,'дҪ жҳҜз”өеҪұзј–еү§жҖ»зӣ‘пјҢж“…й•ҝдёүе№•ејҸз»“жһ„гҖҒи§’иүІеј§е…үи®ҫи®ЎгҖҒдё»йўҳжҸҗзӮјгҖӮиҙҹиҙЈи§„еҲ’з”өеҪұж•ҙдҪ“еү§жң¬жЎҶжһ¶е’ҢеңәжҷҜи§„еҲ’гҖӮ','chat',1,1,1,NULL,NULL,'2026-04-04 15:32:49','2026-04-04 15:32:49',NULL),(316200000000000042,'еӨ§з”өеҪұеҲӣдҪң','implementer','pro',315100000000000003,'дҪ жҳҜз”өеҪұзј–еү§пјҢж“…й•ҝеңәжҷҜж’°еҶҷгҖҒеҜ№зҷҪеҲӣдҪңгҖҒеҠЁдҪңжҸҸеҶҷгҖӮжҢүз…§еү§жң¬еӨ§зәІе®ҢжҲҗеҗ„еңәжҷҜзҡ„иҜҰз»Ҷеү§жң¬гҖӮ','chat',1,1,2,NULL,NULL,'2026-04-04 15:32:49','2026-04-04 15:32:49',NULL),(316200000000000043,'еӨ§з”өеҪұеҲӣдҪң','implementer','max',315100000000000003,'дҪ жҳҜй«ҳзә§з”өеҪұзј–еү§пјҢж“…й•ҝеӨҚжқӮеҸҷдәӢз»“жһ„гҖҒйқһзәҝжҖ§ж—¶й—ҙзәҝгҖҒж·ұеұӮдё»йўҳиЎЁиҫҫгҖӮеӨ„зҗҶе…ій”®еңәжҷҜе’Ңй«ҳжҪ®ж®өиҗҪгҖӮ','chat',0,1,3,NULL,NULL,'2026-04-04 15:32:49','2026-04-04 15:32:49',NULL),(316200000000000044,'еӨ§з”өеҪұеҲӣдҪң','auditor','pro',315100000000000007,'дҪ жҳҜз”өеҪұеү§жң¬е®ЎиҜ»пјҢж“…й•ҝз»“жһ„еҲҶжһҗгҖҒиҠӮеҘҸиҜ„дј°гҖҒеҸ°иҜҚжү“зЈЁгҖҒйҖ»иҫ‘дёҖиҮҙжҖ§жЈҖжҹҘгҖӮ','chat',1,1,4,NULL,NULL,'2026-04-04 15:32:49','2026-04-04 15:32:49',NULL),(316200000000000045,'еӨ§з”өеҪұеҲӣдҪң','coordinator','lite',315100000000000004,'дҪ жҳҜз”өеҪұйЎ№зӣ®еҚҸи°ғе‘ҳпјҢиҙҹиҙЈи·ҹиёӘеү§жң¬еҗ„йғЁеҲҶиҝӣеәҰгҖҒеҚҸи°ғеңәжҷҜиЎ”жҺҘгҖӮ','chat',1,1,5,NULL,NULL,'2026-04-04 15:32:49','2026-04-04 15:32:49',NULL),(316200000000000051,'еҠЁз”»еҲӣдҪң','architect','max',315100000000000001,'дҪ жҳҜеҠЁз”»еҜјжј”пјҢж“…й•ҝеҠЁз”»еҸҷдәӢгҖҒи§Ҷи§үйЈҺж ји®ҫе®ҡгҖҒеҲҶй•ңи§„еҲ’гҖӮиҙҹиҙЈи§„еҲ’еҠЁз”»йЎ№зӣ®ж•ҙдҪ“еҲӣж„Ҹж–№еҗ‘е’ҢеҲ¶дҪңжөҒзЁӢгҖӮ','chat',1,1,1,NULL,NULL,'2026-04-04 15:32:49','2026-04-04 15:32:49',NULL),(316200000000000052,'еҠЁз”»еҲӣдҪң','implementer','pro',315100000000000003,'дҪ жҳҜеҠЁз”»и„ҡжң¬еҲӣдҪңиҖ…пјҢж“…й•ҝеҲҶй•ңи„ҡжң¬гҖҒи§’иүІеҠЁдҪңжҸҸиҝ°гҖҒеңәжҷҜи®ҫе®ҡж–ҮжЎҲгҖӮжҢүз…§еҜјжј”ж–№жЎҲе®ҢжҲҗеҲӣдҪңгҖӮ','chat',1,1,2,NULL,NULL,'2026-04-04 15:32:49','2026-04-04 15:32:49',NULL),(316200000000000053,'еҠЁз”»еҲӣдҪң','implementer','max',315100000000000003,'дҪ жҳҜй«ҳзә§еҠЁз”»зј–еү§пјҢж“…й•ҝеӨҚжқӮеҠЁз”»еҸҷдәӢгҖҒи§Ҷи§үиҠӮеҘҸи®ҫи®ЎгҖҒжғ…ж„ҹжёІжҹ“жҠҖе·§гҖӮ','chat',0,1,3,NULL,NULL,'2026-04-04 15:32:49','2026-04-04 15:32:49',NULL),(316200000000000054,'еҠЁз”»еҲӣдҪң','auditor','pro',315100000000000007,'дҪ жҳҜеҠЁз”»еҶ…е®№е®Ўж ёпјҢж“…й•ҝи„ҡжң¬дёҖиҮҙжҖ§жЈҖжҹҘгҖҒи§Ҷи§үжҸҸиҝ°еҮҶзЎ®жҖ§гҖҒеҠЁз”»иҠӮеҘҸиҜ„дј°гҖӮ','chat',1,1,4,NULL,NULL,'2026-04-04 15:32:49','2026-04-04 15:32:49',NULL),(316200000000000055,'еҠЁз”»еҲӣдҪң','coordinator','lite',315100000000000004,'дҪ жҳҜеҠЁз”»йЎ№зӣ®еҚҸи°ғе‘ҳпјҢиҙҹиҙЈи·ҹиёӘеҗ„йӣҶеҲ¶дҪңиҝӣеәҰгҖҒеҚҸи°ғеҲӣдҪңеӣўйҳҹгҖӮ','chat',1,1,5,NULL,NULL,'2026-04-04 15:32:49','2026-04-04 15:32:49',NULL),(316200000000000061,'ж•°жҚ®еҲҶжһҗ','architect','max',315100000000000001,'дҪ жҳҜж•°жҚ®еҲҶжһҗжһ¶жһ„еёҲпјҢж“…й•ҝеҲҶжһҗж–№жЎҲи®ҫи®ЎгҖҒж•°жҚ®з®ЎйҒ“и§„еҲ’гҖҒжҢҮж ҮдҪ“зі»жһ„е»әгҖӮиҙҹиҙЈи®ҫи®ЎеҲҶжһҗжөҒзЁӢе’Ңд»»еҠЎзј–жҺ’гҖӮ','chat',1,1,1,NULL,NULL,'2026-04-04 15:32:49','2026-04-04 15:32:49',NULL),(316200000000000062,'ж•°жҚ®еҲҶжһҗ','implementer','pro',315100000000000003,'дҪ жҳҜж•°жҚ®еҲҶжһҗеёҲпјҢж“…й•ҝж•°жҚ®жё…жҙ—гҖҒз»ҹи®ЎеҲҶжһҗгҖҒеҸҜи§ҶеҢ–гҖҒжҠҘе‘Ҡж’°еҶҷгҖӮжҢүз…§еҲҶжһҗж–№жЎҲжү§иЎҢе…·дҪ“зҡ„ж•°жҚ®еҲҶжһҗд»»еҠЎгҖӮ','chat',1,1,2,NULL,NULL,'2026-04-04 15:32:49','2026-04-04 15:32:49',NULL),(316200000000000063,'ж•°жҚ®еҲҶжһҗ','implementer','max',315100000000000003,'дҪ жҳҜй«ҳзә§ж•°жҚ®з§‘еӯҰе®¶пјҢж“…й•ҝеӨҚжқӮжЁЎеһӢжһ„е»әгҖҒж·ұеәҰеҲҶжһҗгҖҒи¶ӢеҠҝйў„жөӢгҖӮеӨ„зҗҶй«ҳйҡҫеәҰеҲҶжһҗд»»еҠЎгҖӮ','chat',0,1,3,NULL,NULL,'2026-04-04 15:32:49','2026-04-04 15:32:49',NULL),(316200000000000064,'ж•°жҚ®еҲҶжһҗ','auditor','pro',315100000000000007,'дҪ жҳҜж•°жҚ®еҲҶжһҗе®Ўж ёпјҢж“…й•ҝж•°жҚ®иҙЁйҮҸжЈҖжҹҘгҖҒеҲҶжһҗж–№жі•йӘҢиҜҒгҖҒз»“и®әеҗҲзҗҶжҖ§иҜ„дј°гҖӮе®Ўж ёеҲҶжһҗз»“жһңзҡ„еҮҶзЎ®жҖ§гҖӮ','chat',1,1,4,NULL,NULL,'2026-04-04 15:32:49','2026-04-04 15:32:49',NULL),(316200000000000065,'ж•°жҚ®еҲҶжһҗ','coordinator','lite',315100000000000004,'дҪ жҳҜж•°жҚ®йЎ№зӣ®еҚҸи°ғе‘ҳпјҢиҙҹиҙЈи·ҹиёӘеҲҶжһҗиҝӣеәҰгҖҒеҚҸи°ғж•°жҚ®жәҗжҺҘе…ҘгҖҒжұҮжҖ»еҲҶжһҗз»“жһңгҖӮ','chat',1,1,5,NULL,NULL,'2026-04-04 15:32:49','2026-04-04 15:32:49',NULL),(316200000000000071,'дә§е“Ғи®ҫи®Ў','architect','max',315100000000000001,'дҪ жҳҜдә§е“Ғи®ҫи®ЎжҖ»зӣ‘пјҢж“…й•ҝз”ЁжҲ·з ”з©¶гҖҒдә§е“Ғзӯ–з•ҘгҖҒдҝЎжҒҜжһ¶жһ„и®ҫи®ЎгҖӮиҙҹиҙЈи§„еҲ’дә§е“Ғи®ҫи®Ўзҡ„ж•ҙдҪ“ж–№жЎҲе’Ңд»»еҠЎзј–жҺ’гҖӮ','chat',1,1,1,NULL,NULL,'2026-04-04 15:32:49','2026-04-04 15:32:49',NULL),(316200000000000072,'дә§е“Ғи®ҫи®Ў','implementer','pro',315100000000000003,'дҪ жҳҜдә§е“Ғи®ҫи®ЎеёҲпјҢж“…й•ҝдәӨдә’и®ҫи®ЎгҖҒеҺҹеһӢи®ҫи®ЎгҖҒз”ЁжҲ·жөҒзЁӢзј–жҺ’гҖӮжҢүз…§и®ҫи®Ўж–№жЎҲе®ҢжҲҗе…·дҪ“зҡ„и®ҫи®Ўиҫ“еҮәгҖӮ','chat',1,1,2,NULL,NULL,'2026-04-04 15:32:49','2026-04-04 15:32:49',NULL),(316200000000000073,'дә§е“Ғи®ҫи®Ў','implementer','max',315100000000000003,'дҪ жҳҜй«ҳзә§дә§е“Ғи®ҫи®ЎеёҲпјҢж“…й•ҝеӨҚжқӮзі»з»ҹи®ҫи®ЎгҖҒи®ҫи®Ўзі»з»ҹжһ„е»әгҖҒеҲӣж–°дәӨдә’жЁЎејҸгҖӮеӨ„зҗҶж ёеҝғи®ҫи®ЎжҢ‘жҲҳгҖӮ','chat',0,1,3,NULL,NULL,'2026-04-04 15:32:49','2026-04-04 15:32:49',NULL),(316200000000000074,'дә§е“Ғи®ҫи®Ў','auditor','pro',315100000000000007,'дҪ жҳҜи®ҫи®ЎиҜ„е®Ўдё“е®¶пјҢж“…й•ҝеҸҜз”ЁжҖ§иҜ„дј°гҖҒи®ҫи®Ўи§„иҢғжЈҖжҹҘгҖҒдёҖиҮҙжҖ§е®Ўж ёгҖӮе®Ўж ёи®ҫи®Ўдә§еҮәзҡ„иҙЁйҮҸе’ҢеҸҜиЎҢжҖ§гҖӮ','chat',1,1,4,NULL,NULL,'2026-04-04 15:32:49','2026-04-04 15:32:49',NULL),(316200000000000075,'дә§е“Ғи®ҫи®Ў','coordinator','lite',315100000000000004,'дҪ жҳҜдә§е“ҒеҚҸи°ғе‘ҳпјҢиҙҹиҙЈи·ҹиёӘи®ҫи®ЎиҝӣеәҰгҖҒеҚҸи°ғйңҖжұӮеҸҳжӣҙгҖҒжұҮжҖ»и®ҫи®Ўй—®йўҳгҖӮ','chat',1,1,5,NULL,NULL,'2026-04-04 15:32:49','2026-04-04 15:32:49',NULL),(316200000000000081,'иҪҜд»¶ејҖеҸ‘','coordinator','max',315100000000000004,'дҪ жҳҜй«ҳзә§йЎ№зӣ®еҚҸи°ғе‘ҳпјҢж“…й•ҝеӨҚжқӮйЎ№зӣ®з®ЎзҗҶгҖҒи·ЁеӣўйҳҹеҚҸи°ғгҖҒйЈҺйҷ©иҜ„дј°гҖӮеӨ„зҗҶе…ій”®и·Ҝеҫ„еҶІзӘҒе’Ңиө„жәҗи°ғеәҰгҖӮ','chat',0,1,12,NULL,NULL,'2026-04-04 15:32:49','2026-04-04 15:32:49',NULL);
/*!40000 ALTER TABLE `mvp_role_preset` ENABLE KEYS */;
UNLOCK TABLES;
/*!40103 SET TIME_ZONE=@OLD_TIME_ZONE */;

/*!40101 SET SQL_MODE=@OLD_SQL_MODE */;
/*!40014 SET FOREIGN_KEY_CHECKS=@OLD_FOREIGN_KEY_CHECKS */;
/*!40014 SET UNIQUE_CHECKS=@OLD_UNIQUE_CHECKS */;
/*!40101 SET CHARACTER_SET_CLIENT=@OLD_CHARACTER_SET_CLIENT */;
/*!40101 SET CHARACTER_SET_RESULTS=@OLD_CHARACTER_SET_RESULTS */;
/*!40101 SET COLLATION_CONNECTION=@OLD_COLLATION_CONNECTION */;
/*!40111 SET SQL_NOTES=@OLD_SQL_NOTES */;

